request_id,asset_id,department,section_id,defect_type,criticality,overdue_days,asset_stress_index,is_monsoon,days_since_last_inspection,failure_count_last_year,is_critical_defect,requested_window_start,requested_window_end,section_traffic_density
REQ-00001,AST-TRD-047,Traction Distribution,SBC-JTJ,traction_fault,Low,4,0.717,0,128,4,False,2026-10-04 02:00:00,2026-10-04 06:00:00,38
REQ-00002,AST-ENG-064,Engineering,PUNE-DD,track_defect,Medium,27,0.708,1,34,6,False,2026-09-10 13:00:00,2026-09-10 16:00:00,38
REQ-00003,AST-ENG-159,Engineering,BZA-VSKP,track_defect,Medium,78,0.301,1,31,4,False,2026-09-24 00:00:00,2026-09-24 04:00:00,41
REQ-00004,AST-TRD-058,Traction Distribution,MAS-AJJ,traction_fault,Low,36,0.614,1,104,6,False,2026-09-29 13:00:00,2026-09-29 17:00:00,44
REQ-00005,AST-SNT-032,Signal & Telecom,HWH-BWN,signal_fault,Medium,10,0.604,0,50,6,False,2026-10-04 04:00:00,2026-10-04 09:00:00,46
REQ-00006,AST-ENG-136,Engineering,GHY-NJP,track_defect,Medium,15,0.764,1,50,8,False,2026-09-27 00:00:00,2026-09-27 02:00:00,34
REQ-00007,AST-ENG-038,Engineering,SBC-JTJ,track_defect,Medium,8,0.669,1,48,5,False,2026-09-19 22:00:00,2026-09-20 03:00:00,38
REQ-00008,AST-ENG-064,Engineering,PUNE-DD,track_defect,Low,24,0.715,1,40,6,False,2026-09-16 15:00:00,2026-09-16 17:00:00,38
REQ-00009,AST-TRD-034,Traction Distribution,HWH-BWN,traction_fault,Low,68,0.441,1,91,3,True,2026-09-12 00:00:00,2026-09-12 02:00:00,46
REQ-00010,AST-TRD-131,Traction Distribution,ALD-MGS,traction_fault,Low,31,0.492,1,101,4,False,2026-09-20 23:00:00,2026-09-21 04:00:00,45
REQ-00011,AST-SNT-042,Signal & Telecom,SBC-JTJ,signal_fault,Low,64,0.543,0,64,3,True,2026-10-01 02:00:00,2026-10-01 06:00:00,38
REQ-00012,AST-ENG-051,Engineering,MAS-AJJ,track_defect,High,26,0.571,1,64,3,False,2026-09-28 23:00:00,2026-09-29 03:00:00,44
REQ-00013,AST-TRD-082,Traction Distribution,ADI-BRC,traction_fault,Medium,19,0.39,1,130,1,False,2026-09-26 00:00:00,2026-09-26 02:00:00,42
REQ-00014,AST-TRD-046,Traction Distribution,SBC-JTJ,traction_fault,High,28,0.432,0,99,5,False,2026-10-01 04:00:00,2026-10-01 08:00:00,38
REQ-00015,AST-TRD-024,Traction Distribution,CSMT-KYN,traction_fault,Medium,8,0.497,1,104,5,False,2026-09-07 23:00:00,2026-09-08 04:00:00,48
REQ-00016,AST-TRD-081,Traction Distribution,ADI-BRC,traction_fault,Low,74,0.54,1,157,2,True,2026-09-24 11:00:00,2026-09-24 15:00:00,42
REQ-00017,AST-ENG-160,Engineering,BZA-VSKP,track_defect,High,65,0.382,1,66,1,False,2026-09-30 00:00:00,2026-09-30 05:00:00,41
REQ-00018,AST-SNT-175,Signal & Telecom,NGP-BSL,signal_fault,Low,55,0.405,1,32,3,True,2026-09-09 15:00:00,2026-09-09 20:00:00,38
REQ-00019,AST-TRD-142,Traction Distribution,GHY-NJP,traction_fault,Medium,41,0.303,1,119,3,False,2026-09-27 22:00:00,2026-09-28 02:00:00,34
REQ-00020,AST-SNT-006,Signal & Telecom,NDLS-GZB,signal_fault,Medium,17,0.514,1,40,2,False,2026-09-17 04:00:00,2026-09-17 09:00:00,48
REQ-00021,AST-ENG-171,Engineering,NGP-BSL,track_defect,Medium,13,0.658,1,53,3,False,2026-09-18 02:00:00,2026-09-18 07:00:00,38
REQ-00022,AST-ENG-040,Engineering,SBC-JTJ,track_defect,Low,21,0.407,1,60,1,False,2026-09-20 22:00:00,2026-09-21 00:00:00,38
REQ-00023,AST-ENG-052,Engineering,MAS-AJJ,track_defect,Medium,30,0.545,1,48,3,False,2026-09-30 15:00:00,2026-09-30 18:00:00,44
REQ-00024,AST-ENG-027,Engineering,HWH-BWN,track_defect,Low,19,0.491,1,18,2,False,2026-09-09 02:00:00,2026-09-09 05:00:00,46
REQ-00025,AST-ENG-063,Engineering,PUNE-DD,track_defect,Low,64,0.313,1,48,2,False,2026-09-18 04:00:00,2026-09-18 07:00:00,38
REQ-00026,AST-TRD-057,Traction Distribution,MAS-AJJ,traction_fault,Medium,67,0.421,1,114,3,True,2026-09-13 04:00:00,2026-09-13 07:00:00,44
REQ-00027,AST-TRD-130,Traction Distribution,ALD-MGS,traction_fault,Low,58,0.706,1,141,5,False,2026-09-09 04:00:00,2026-09-09 09:00:00,45
REQ-00028,AST-TRD-117,Traction Distribution,JP-AII,traction_fault,Low,55,0.54,0,119,5,False,2026-10-01 23:00:00,2026-10-02 03:00:00,35
REQ-00029,AST-ENG-121,Engineering,ALD-MGS,track_defect,Medium,60,0.56,1,55,4,False,2026-09-17 04:00:00,2026-09-17 09:00:00,45
REQ-00030,AST-SNT-089,Signal & Telecom,LKO-CNB,signal_fault,Low,54,0.307,1,49,1,True,2026-09-27 13:00:00,2026-09-27 17:00:00,40
REQ-00031,AST-TRD-071,Traction Distribution,PUNE-DD,traction_fault,High,20,0.731,1,120,8,False,2026-09-23 02:00:00,2026-09-23 06:00:00,38
REQ-00032,AST-ENG-003,Engineering,NDLS-GZB,track_defect,Low,32,0.256,1,16,1,False,2026-09-08 15:00:00,2026-09-08 19:00:00,48
REQ-00033,AST-TRD-168,Traction Distribution,BZA-VSKP,traction_fault,Low,2,0.778,0,147,4,False,2026-10-04 02:00:00,2026-10-04 07:00:00,41
REQ-00034,AST-TRD-108,Traction Distribution,BPL-ET,traction_fault,Medium,56,0.686,0,138,5,False,2026-10-02 00:00:00,2026-10-02 05:00:00,41
REQ-00035,AST-TRD-117,Traction Distribution,JP-AII,traction_fault,Low,29,0.515,1,115,5,False,2026-09-27 11:00:00,2026-09-27 15:00:00,35
REQ-00036,AST-TRD-105,Traction Distribution,BPL-ET,traction_fault,Medium,70,0.482,1,145,3,False,2026-09-11 00:00:00,2026-09-11 05:00:00,41
REQ-00037,AST-SNT-174,Signal & Telecom,NGP-BSL,signal_fault,Low,62,0.594,0,56,4,False,2026-10-03 15:00:00,2026-10-03 17:00:00,38
REQ-00038,AST-ENG-028,Engineering,HWH-BWN,track_defect,Medium,9,0.65,1,41,5,False,2026-09-08 11:00:00,2026-09-08 16:00:00,46
REQ-00039,AST-SNT-102,Signal & Telecom,BPL-ET,signal_fault,High,69,0.534,1,43,3,False,2026-09-23 04:00:00,2026-09-23 08:00:00,41
REQ-00040,AST-ENG-051,Engineering,MAS-AJJ,track_defect,Medium,83,0.634,1,55,3,True,2026-09-19 22:00:00,2026-09-20 02:00:00,44
REQ-00041,AST-SNT-008,Signal & Telecom,NDLS-GZB,signal_fault,Low,39,0.41,0,59,1,True,2026-10-02 15:00:00,2026-10-02 17:00:00,48
REQ-00042,AST-TRD-108,Traction Distribution,BPL-ET,traction_fault,Low,11,0.62,1,134,5,False,2026-09-28 22:00:00,2026-09-29 02:00:00,41
REQ-00043,AST-TRD-167,Traction Distribution,BZA-VSKP,traction_fault,Low,74,0.65,1,99,6,True,2026-09-28 04:00:00,2026-09-28 08:00:00,41
REQ-00044,AST-SNT-127,Signal & Telecom,ALD-MGS,signal_fault,Medium,18,0.816,1,29,7,False,2026-09-11 15:00:00,2026-09-11 19:00:00,45
REQ-00045,AST-ENG-133,Engineering,GHY-NJP,track_defect,Low,76,0.749,1,66,6,False,2026-09-28 22:00:00,2026-09-29 01:00:00,34
REQ-00046,AST-ENG-014,Engineering,CSMT-KYN,track_defect,Medium,34,0.578,1,40,2,False,2026-09-16 22:00:00,2026-09-17 02:00:00,48
REQ-00047,AST-TRD-131,Traction Distribution,ALD-MGS,traction_fault,Medium,2,0.502,1,110,4,False,2026-09-29 02:00:00,2026-09-29 07:00:00,45
REQ-00048,AST-SNT-006,Signal & Telecom,NDLS-GZB,signal_fault,Low,47,0.526,1,41,2,False,2026-09-18 13:00:00,2026-09-18 16:00:00,48
REQ-00049,AST-TRD-070,Traction Distribution,PUNE-DD,traction_fault,Low,82,0.339,0,127,3,True,2026-10-01 23:00:00,2026-10-02 02:00:00,38
REQ-00050,AST-SNT-029,Signal & Telecom,HWH-BWN,signal_fault,Low,16,0.647,1,46,5,False,2026-09-11 02:00:00,2026-09-11 06:00:00,46
REQ-00051,AST-SNT-019,Signal & Telecom,CSMT-KYN,signal_fault,Low,16,0.718,1,46,6,False,2026-09-23 00:00:00,2026-09-23 04:00:00,48
REQ-00052,AST-ENG-112,Engineering,JP-AII,track_defect,Medium,42,0.729,1,29,7,True,2026-09-11 22:00:00,2026-09-12 01:00:00,35
REQ-00053,AST-ENG-158,Engineering,BZA-VSKP,track_defect,Low,17,0.342,1,37,2,False,2026-09-29 04:00:00,2026-09-29 09:00:00,41
REQ-00054,AST-SNT-068,Signal & Telecom,PUNE-DD,signal_fault,Low,3,0.786,1,66,7,True,2026-09-28 11:00:00,2026-09-28 16:00:00,38
REQ-00055,AST-SNT-149,Signal & Telecom,TVC-QLN,signal_fault,Low,79,0.592,1,44,7,False,2026-09-30 23:00:00,2026-10-01 02:00:00,35
REQ-00056,AST-ENG-052,Engineering,MAS-AJJ,track_defect,Low,27,0.549,0,50,3,False,2026-10-02 23:00:00,2026-10-03 02:00:00,44
REQ-00057,AST-ENG-109,Engineering,JP-AII,track_defect,Low,37,0.657,1,34,6,False,2026-09-21 23:00:00,2026-09-22 03:00:00,35
REQ-00058,AST-SNT-101,Signal & Telecom,BPL-ET,signal_fault,High,34,0.528,1,51,3,False,2026-09-23 22:00:00,2026-09-24 01:00:00,41
REQ-00059,AST-ENG-148,Engineering,TVC-QLN,track_defect,Low,64,0.764,1,57,5,False,2026-09-26 04:00:00,2026-09-26 08:00:00,35
REQ-00060,AST-SNT-091,Signal & Telecom,LKO-CNB,signal_fault,Low,30,0.414,0,49,4,False,2026-10-04 15:00:00,2026-10-04 17:00:00,40
REQ-00061,AST-SNT-102,Signal & Telecom,BPL-ET,signal_fault,High,27,0.505,0,54,3,False,2026-10-04 02:00:00,2026-10-04 06:00:00,41
REQ-00062,AST-TRD-035,Traction Distribution,HWH-BWN,traction_fault,Medium,6,0.824,1,158,4,False,2026-09-15 23:00:00,2026-09-16 02:00:00,46
REQ-00063,AST-SNT-018,Signal & Telecom,CSMT-KYN,signal_fault,Medium,35,0.45,0,76,1,False,2026-10-06 11:00:00,2026-10-06 16:00:00,48
REQ-00064,AST-ENG-172,Engineering,NGP-BSL,track_defect,Low,41,0.889,1,46,7,False,2026-09-07 22:00:00,2026-09-08 00:00:00,38
REQ-00065,AST-TRD-072,Traction Distribution,PUNE-DD,traction_fault,High,13,0.697,1,90,7,False,2026-09-14 22:00:00,2026-09-15 00:00:00,38
REQ-00066,AST-SNT-006,Signal & Telecom,NDLS-GZB,signal_fault,Medium,68,0.51,1,40,2,False,2026-09-17 02:00:00,2026-09-17 06:00:00,48
REQ-00067,AST-TRD-033,Traction Distribution,HWH-BWN,traction_fault,High,7,0.657,1,107,6,False,2026-09-08 13:00:00,2026-09-08 18:00:00,46
REQ-00068,AST-ENG-025,Engineering,HWH-BWN,track_defect,Medium,4,0.936,0,64,9,False,2026-10-01 23:00:00,2026-10-02 04:00:00,46
REQ-00069,AST-SNT-174,Signal & Telecom,NGP-BSL,signal_fault,Low,45,0.566,1,32,4,True,2026-09-09 00:00:00,2026-09-09 04:00:00,38
REQ-00070,AST-SNT-030,Signal & Telecom,HWH-BWN,signal_fault,Low,67,0.348,1,30,1,False,2026-09-24 22:00:00,2026-09-25 00:00:00,46
REQ-00071,AST-ENG-040,Engineering,SBC-JTJ,track_defect,Medium,30,0.391,1,56,1,False,2026-09-16 02:00:00,2026-09-16 04:00:00,38
REQ-00072,AST-TRD-129,Traction Distribution,ALD-MGS,traction_fault,Low,66,0.585,0,111,5,False,2026-10-02 23:00:00,2026-10-03 01:00:00,45
REQ-00073,AST-SNT-174,Signal & Telecom,NGP-BSL,signal_fault,Low,4,0.616,1,45,4,False,2026-09-22 00:00:00,2026-09-22 03:00:00,38
REQ-00074,AST-TRD-059,Traction Distribution,MAS-AJJ,traction_fault,Low,64,0.597,1,98,3,False,2026-09-20 00:00:00,2026-09-20 04:00:00,44
REQ-00075,AST-TRD-083,Traction Distribution,ADI-BRC,traction_fault,Medium,56,0.317,1,111,1,False,2026-09-12 02:00:00,2026-09-12 06:00:00,42
REQ-00076,AST-TRD-106,Traction Distribution,BPL-ET,traction_fault,Low,74,0.329,1,123,1,True,2026-09-24 00:00:00,2026-09-24 05:00:00,41
REQ-00077,AST-SNT-007,Signal & Telecom,NDLS-GZB,signal_fault,Low,21,0.499,1,60,3,False,2026-09-27 22:00:00,2026-09-28 02:00:00,48
REQ-00078,AST-TRD-010,Traction Distribution,NDLS-GZB,traction_fault,Medium,29,0.58,1,89,5,False,2026-09-18 02:00:00,2026-09-18 06:00:00,48
REQ-00079,AST-ENG-123,Engineering,ALD-MGS,track_defect,Low,75,0.474,1,54,2,False,2026-09-27 02:00:00,2026-09-27 06:00:00,45
REQ-00080,AST-TRD-071,Traction Distribution,PUNE-DD,traction_fault,Medium,59,0.768,1,121,8,False,2026-09-24 15:00:00,2026-09-24 18:00:00,38
REQ-00081,AST-TRD-132,Traction Distribution,ALD-MGS,traction_fault,Low,75,0.795,1,154,7,True,2026-09-21 23:00:00,2026-09-22 02:00:00,45
REQ-00082,AST-ENG-013,Engineering,CSMT-KYN,track_defect,Medium,54,0.717,1,39,4,False,2026-09-29 23:00:00,2026-09-30 01:00:00,48
REQ-00083,AST-ENG-003,Engineering,NDLS-GZB,track_defect,Low,25,0.28,0,40,1,False,2026-10-02 11:00:00,2026-10-02 13:00:00,48
REQ-00084,AST-TRD-060,Traction Distribution,MAS-AJJ,traction_fault,Low,44,0.576,1,90,3,False,2026-09-23 22:00:00,2026-09-24 03:00:00,44
REQ-00085,AST-ENG-145,Engineering,TVC-QLN,track_defect,Medium,68,0.727,1,67,7,False,2026-09-27 11:00:00,2026-09-27 15:00:00,35
REQ-00086,AST-SNT-150,Signal & Telecom,TVC-QLN,signal_fault,Low,27,0.65,1,39,7,False,2026-09-08 15:00:00,2026-09-08 19:00:00,35
REQ-00087,AST-ENG-064,Engineering,PUNE-DD,track_defect,Medium,52,0.716,1,44,6,False,2026-09-20 22:00:00,2026-09-21 03:00:00,38
REQ-00088,AST-ENG-073,Engineering,ADI-BRC,track_defect,Medium,57,0.862,1,56,6,False,2026-09-17 04:00:00,2026-09-17 09:00:00,42
REQ-00089,AST-TRD-072,Traction Distribution,PUNE-DD,traction_fault,Low,73,0.733,0,112,7,True,2026-10-06 13:00:00,2026-10-06 15:00:00,38
REQ-00090,AST-ENG-014,Engineering,CSMT-KYN,track_defect,Low,59,0.529,1,44,2,False,2026-09-20 04:00:00,2026-09-20 08:00:00,48
REQ-00091,AST-SNT-018,Signal & Telecom,CSMT-KYN,signal_fault,High,13,0.407,1,57,1,False,2026-09-17 13:00:00,2026-09-17 17:00:00,48
REQ-00092,AST-SNT-138,Signal & Telecom,GHY-NJP,signal_fault,Low,60,0.383,1,41,3,False,2026-09-20 04:00:00,2026-09-20 09:00:00,34
REQ-00093,AST-SNT-007,Signal & Telecom,NDLS-GZB,signal_fault,Low,78,0.501,1,63,3,True,2026-09-30 15:00:00,2026-09-30 20:00:00,48
REQ-00094,AST-SNT-151,Signal & Telecom,TVC-QLN,signal_fault,Low,32,0.282,1,19,3,True,2026-09-08 02:00:00,2026-09-08 07:00:00,35
REQ-00095,AST-SNT-152,Signal & Telecom,TVC-QLN,signal_fault,High,28,0.506,1,47,3,False,2026-09-30 04:00:00,2026-09-30 06:00:00,35
REQ-00096,AST-TRD-119,Traction Distribution,JP-AII,traction_fault,Low,68,0.546,1,149,5,False,2026-09-28 23:00:00,2026-09-29 01:00:00,35
REQ-00097,AST-SNT-044,Signal & Telecom,SBC-JTJ,signal_fault,Medium,51,0.798,0,60,7,False,2026-10-01 15:00:00,2026-10-01 19:00:00,38
REQ-00098,AST-ENG-109,Engineering,JP-AII,track_defect,Medium,65,0.674,1,21,6,False,2026-09-08 04:00:00,2026-09-08 09:00:00,35
REQ-00099,AST-SNT-068,Signal & Telecom,PUNE-DD,signal_fault,Low,74,0.778,1,59,7,False,2026-09-21 02:00:00,2026-09-21 05:00:00,38
REQ-00100,AST-SNT-078,Signal & Telecom,ADI-BRC,signal_fault,Medium,60,0.486,1,39,2,False,2026-09-17 13:00:00,2026-09-17 16:00:00,42
REQ-00101,AST-ENG-002,Engineering,NDLS-GZB,track_defect,Medium,54,0.575,1,42,6,False,2026-09-30 04:00:00,2026-09-30 09:00:00,48
REQ-00102,AST-TRD-179,Traction Distribution,NGP-BSL,traction_fault,Low,1,0.778,1,125,8,False,2026-09-24 02:00:00,2026-09-24 06:00:00,38
REQ-00103,AST-SNT-138,Signal & Telecom,GHY-NJP,signal_fault,Medium,1,0.417,1,42,3,False,2026-09-21 11:00:00,2026-09-21 15:00:00,34
REQ-00104,AST-TRD-096,Traction Distribution,LKO-CNB,traction_fault,Low,42,0.453,1,99,2,False,2026-09-13 02:00:00,2026-09-13 05:00:00,40
REQ-00105,AST-ENG-085,Engineering,LKO-CNB,track_defect,Medium,76,0.759,1,31,6,True,2026-09-12 23:00:00,2026-09-13 01:00:00,40
REQ-00106,AST-TRD-167,Traction Distribution,BZA-VSKP,traction_fault,Low,13,0.697,1,88,6,False,2026-09-17 15:00:00,2026-09-17 17:00:00,41
REQ-00107,AST-TRD-059,Traction Distribution,MAS-AJJ,traction_fault,Low,51,0.644,0,113,3,False,2026-10-05 13:00:00,2026-10-05 16:00:00,44
REQ-00108,AST-TRD-180,Traction Distribution,NGP-BSL,traction_fault,Low,72,0.381,1,105,2,True,2026-09-29 04:00:00,2026-09-29 08:00:00,38
REQ-00109,AST-ENG-016,Engineering,CSMT-KYN,track_defect,High,49,0.894,1,42,5,False,2026-09-13 04:00:00,2026-09-13 07:00:00,48
REQ-00110,AST-TRD-010,Traction Distribution,NDLS-GZB,traction_fault,Low,32,0.636,1,89,5,False,2026-09-18 15:00:00,2026-09-18 20:00:00,48
REQ-00111,AST-TRD-108,Traction Distribution,BPL-ET,traction_fault,Low,74,0.626,1,117,5,False,2026-09-11 02:00:00,2026-09-11 04:00:00,41
REQ-00112,AST-ENG-134,Engineering,GHY-NJP,track_defect,Low,22,0.519,1,64,2,False,2026-09-30 23:00:00,2026-10-01 04:00:00,34
REQ-00113,AST-TRD-165,Traction Distribution,BZA-VSKP,traction_fault,Low,17,0.674,1,171,3,False,2026-09-25 02:00:00,2026-09-25 05:00:00,41
REQ-00114,AST-TRD-130,Traction Distribution,ALD-MGS,traction_fault,Medium,12,0.728,1,141,5,False,2026-09-09 23:00:00,2026-09-10 04:00:00,45
REQ-00115,AST-ENG-063,Engineering,PUNE-DD,track_defect,Medium,51,0.346,1,41,2,False,2026-09-11 04:00:00,2026-09-11 07:00:00,38
REQ-00116,AST-ENG-171,Engineering,NGP-BSL,track_defect,Medium,7,0.626,0,69,3,False,2026-10-04 00:00:00,2026-10-04 02:00:00,38
REQ-00117,AST-SNT-056,Signal & Telecom,MAS-AJJ,signal_fault,Low,25,0.654,1,52,4,False,2026-09-12 04:00:00,2026-09-12 08:00:00,44
REQ-00118,AST-SNT-043,Signal & Telecom,SBC-JTJ,signal_fault,Low,62,0.752,1,36,7,False,2026-09-18 13:00:00,2026-09-18 15:00:00,38
REQ-00119,AST-SNT-125,Signal & Telecom,ALD-MGS,signal_fault,Medium,25,0.188,1,31,0,False,2026-09-24 13:00:00,2026-09-24 16:00:00,45
REQ-00120,AST-TRD-120,Traction Distribution,JP-AII,traction_fault,Medium,36,0.66,1,149,5,False,2026-09-24 02:00:00,2026-09-24 05:00:00,35
REQ-00121,AST-TRD-118,Traction Distribution,JP-AII,traction_fault,Low,13,0.471,1,147,1,False,2026-09-11 04:00:00,2026-09-11 08:00:00,35
REQ-00122,AST-TRD-117,Traction Distribution,JP-AII,traction_fault,High,44,0.459,1,96,5,False,2026-09-08 00:00:00,2026-09-08 02:00:00,35
REQ-00123,AST-ENG-122,Engineering,ALD-MGS,track_defect,Low,52,0.508,0,47,2,False,2026-10-01 13:00:00,2026-10-01 16:00:00,45
REQ-00124,AST-TRD-083,Traction Distribution,ADI-BRC,traction_fault,High,1,0.399,1,125,1,False,2026-09-26 00:00:00,2026-09-26 05:00:00,42
REQ-00125,AST-SNT-103,Signal & Telecom,BPL-ET,signal_fault,Medium,38,0.487,1,47,3,False,2026-09-16 13:00:00,2026-09-16 18:00:00,41
REQ-00126,AST-ENG-148,Engineering,TVC-QLN,track_defect,Low,26,0.804,1,59,5,False,2026-09-28 22:00:00,2026-09-29 02:00:00,35
REQ-00127,AST-ENG-133,Engineering,GHY-NJP,track_defect,Low,76,0.731,1,46,6,False,2026-09-08 04:00:00,2026-09-08 09:00:00,34
REQ-00128,AST-ENG-086,Engineering,LKO-CNB,track_defect,Low,17,0.567,1,35,6,False,2026-09-13 15:00:00,2026-09-13 18:00:00,40
REQ-00129,AST-SNT-138,Signal & Telecom,GHY-NJP,signal_fault,Low,39,0.361,1,38,3,False,2026-09-17 15:00:00,2026-09-17 20:00:00,34
REQ-00130,AST-SNT-068,Signal & Telecom,PUNE-DD,signal_fault,Low,53,0.749,1,61,7,False,2026-09-23 02:00:00,2026-09-23 06:00:00,38
REQ-00131,AST-SNT-020,Signal & Telecom,CSMT-KYN,signal_fault,Medium,5,0.444,1,24,3,False,2026-09-15 23:00:00,2026-09-16 02:00:00,48
REQ-00132,AST-ENG-004,Engineering,NDLS-GZB,track_defect,Medium,13,0.645,1,54,5,False,2026-09-16 22:00:00,2026-09-17 03:00:00,48
REQ-00133,AST-ENG-160,Engineering,BZA-VSKP,track_defect,Medium,15,0.473,0,71,1,False,2026-10-05 04:00:00,2026-10-05 08:00:00,41
REQ-00134,AST-TRD-143,Traction Distribution,GHY-NJP,traction_fault,Medium,21,0.653,1,85,8,False,2026-09-17 11:00:00,2026-09-17 14:00:00,34
REQ-00135,AST-TRD-105,Traction Distribution,BPL-ET,traction_fault,Medium,66,0.522,1,155,3,False,2026-09-21 23:00:00,2026-09-22 03:00:00,41
REQ-00136,AST-SNT-018,Signal & Telecom,CSMT-KYN,signal_fault,Low,66,0.384,1,59,1,False,2026-09-19 23:00:00,2026-09-20 02:00:00,48
REQ-00137,AST-ENG-063,Engineering,PUNE-DD,track_defect,High,58,0.352,1,38,2,False,2026-09-08 00:00:00,2026-09-08 04:00:00,38
REQ-00138,AST-TRD-177,Traction Distribution,NGP-BSL,traction_fault,Medium,9,0.578,0,140,3,False,2026-10-03 23:00:00,2026-10-04 03:00:00,38
REQ-00139,AST-SNT-163,Signal & Telecom,BZA-VSKP,signal_fault,Low,10,0.362,1,17,3,False,2026-09-10 22:00:00,2026-09-11 01:00:00,41
REQ-00140,AST-SNT-139,Signal & Telecom,GHY-NJP,signal_fault,Low,66,0.54,1,29,4,False,2026-09-18 22:00:00,2026-09-19 02:00:00,34
REQ-00141,AST-TRD-012,Traction Distribution,NDLS-GZB,traction_fault,Low,32,0.921,1,170,6,False,2026-09-25 11:00:00,2026-09-25 15:00:00,48
REQ-00142,AST-SNT-017,Signal & Telecom,CSMT-KYN,signal_fault,Medium,23,0.324,1,42,0,True,2026-09-19 23:00:00,2026-09-20 03:00:00,48
REQ-00143,AST-SNT-116,Signal & Telecom,JP-AII,signal_fault,Low,15,0.497,1,42,3,False,2026-09-28 02:00:00,2026-09-28 05:00:00,35
REQ-00144,AST-ENG-074,Engineering,ADI-BRC,track_defect,Medium,5,0.365,1,44,1,False,2026-09-18 15:00:00,2026-09-18 19:00:00,42
REQ-00145,AST-SNT-041,Signal & Telecom,SBC-JTJ,signal_fault,Medium,10,0.375,1,42,3,False,2026-09-26 22:00:00,2026-09-27 00:00:00,38
REQ-00146,AST-ENG-025,Engineering,HWH-BWN,track_defect,Low,11,0.926,1,62,9,False,2026-09-29 15:00:00,2026-09-29 20:00:00,46
REQ-00147,AST-ENG-026,Engineering,HWH-BWN,track_defect,Low,67,0.439,1,40,4,False,2026-09-26 04:00:00,2026-09-26 08:00:00,46
REQ-00148,AST-TRD-069,Traction Distribution,PUNE-DD,traction_fault,Medium,10,0.408,1,88,2,False,2026-09-12 22:00:00,2026-09-13 02:00:00,38
REQ-00149,AST-SNT-101,Signal & Telecom,BPL-ET,signal_fault,Low,2,0.493,0,61,3,True,2026-10-03 23:00:00,2026-10-04 03:00:00,41
REQ-00150,AST-SNT-006,Signal & Telecom,NDLS-GZB,signal_fault,Medium,26,0.529,1,41,2,True,2026-09-18 15:00:00,2026-09-18 17:00:00,48
REQ-00151,AST-TRD-118,Traction Distribution,JP-AII,traction_fault,Medium,37,0.414,1,152,1,False,2026-09-16 00:00:00,2026-09-16 05:00:00,35
REQ-00152,AST-TRD-130,Traction Distribution,ALD-MGS,traction_fault,Medium,7,0.718,0,164,5,False,2026-10-02 11:00:00,2026-10-02 13:00:00,45
REQ-00153,AST-SNT-031,Signal & Telecom,HWH-BWN,signal_fault,Low,28,0.792,1,46,5,False,2026-09-23 22:00:00,2026-09-24 01:00:00,46
REQ-00154,AST-TRD-048,Traction Distribution,SBC-JTJ,traction_fault,Medium,10,0.664,1,81,5,False,2026-09-08 02:00:00,2026-09-08 05:00:00,38
REQ-00155,AST-ENG-061,Engineering,PUNE-DD,track_defect,Low,72,0.498,1,36,4,True,2026-09-20 04:00:00,2026-09-20 09:00:00,38
REQ-00156,AST-SNT-079,Signal & Telecom,ADI-BRC,signal_fault,Low,35,0.372,1,44,2,True,2026-09-23 23:00:00,2026-09-24 01:00:00,42
REQ-00157,AST-TRD-106,Traction Distribution,BPL-ET,traction_fault,Medium,17,0.295,1,112,1,False,2026-09-13 15:00:00,2026-09-13 20:00:00,41
REQ-00158,AST-SNT-065,Signal & Telecom,PUNE-DD,signal_fault,Low,12,0.614,1,49,3,False,2026-09-12 23:00:00,2026-09-13 03:00:00,38
REQ-00159,AST-TRD-132,Traction Distribution,ALD-MGS,traction_fault,Medium,40,0.733,0,164,7,False,2026-10-01 13:00:00,2026-10-01 18:00:00,45
REQ-00160,AST-SNT-044,Signal & Telecom,SBC-JTJ,signal_fault,Low,27,0.854,1,44,7,False,2026-09-15 13:00:00,2026-09-15 16:00:00,38
REQ-00161,AST-SNT-056,Signal & Telecom,MAS-AJJ,signal_fault,Low,32,0.63,0,71,4,False,2026-10-01 13:00:00,2026-10-01 16:00:00,44
REQ-00162,AST-ENG-088,Engineering,LKO-CNB,track_defect,Low,35,0.374,1,25,2,False,2026-09-17 23:00:00,2026-09-18 03:00:00,40
REQ-00163,AST-SNT-176,Signal & Telecom,NGP-BSL,signal_fault,Low,38,0.668,0,62,5,True,2026-10-02 13:00:00,2026-10-02 17:00:00,38
REQ-00164,AST-ENG-124,Engineering,ALD-MGS,track_defect,Low,49,0.496,1,49,2,False,2026-09-24 22:00:00,2026-09-25 03:00:00,45
REQ-00165,AST-TRD-154,Traction Distribution,TVC-QLN,traction_fault,Medium,42,0.559,0,146,4,False,2026-10-02 04:00:00,2026-10-02 08:00:00,35
REQ-00166,AST-SNT-138,Signal & Telecom,GHY-NJP,signal_fault,Low,34,0.414,1,30,3,False,2026-09-09 15:00:00,2026-09-09 20:00:00,34
REQ-00167,AST-ENG-136,Engineering,GHY-NJP,track_defect,High,62,0.772,1,45,8,False,2026-09-22 11:00:00,2026-09-22 14:00:00,34
REQ-00168,AST-ENG-050,Engineering,MAS-AJJ,track_defect,High,49,0.424,0,73,2,False,2026-10-06 13:00:00,2026-10-06 16:00:00,44
REQ-00169,AST-SNT-140,Signal & Telecom,GHY-NJP,signal_fault,Medium,1,0.45,1,40,3,True,2026-09-25 11:00:00,2026-09-25 14:00:00,34
REQ-00170,AST-ENG-170,Engineering,NGP-BSL,track_defect,High,38,0.34,1,56,2,False,2026-09-23 11:00:00,2026-09-23 14:00:00,38
REQ-00171,AST-ENG-075,Engineering,ADI-BRC,track_defect,Medium,60,0.416,1,42,3,False,2026-09-17 23:00:00,2026-09-18 01:00:00,42
REQ-00172,AST-TRD-033,Traction Distribution,HWH-BWN,traction_fault,Medium,5,0.652,1,106,6,False,2026-09-07 04:00:00,2026-09-07 09:00:00,46
REQ-00173,AST-ENG-169,Engineering,NGP-BSL,track_defect,Medium,64,0.519,0,41,5,False,2026-10-05 23:00:00,2026-10-06 04:00:00,38
REQ-00174,AST-TRD-153,Traction Distribution,TVC-QLN,traction_fault,Low,6,0.473,1,109,4,False,2026-09-16 15:00:00,2026-09-16 19:00:00,35
REQ-00175,AST-SNT-175,Signal & Telecom,NGP-BSL,signal_fault,Low,27,0.402,0,54,3,False,2026-10-01 02:00:00,2026-10-01 05:00:00,38
REQ-00176,AST-TRD-143,Traction Distribution,GHY-NJP,traction_fault,Low,10,0.645,0,102,8,False,2026-10-04 00:00:00,2026-10-04 03:00:00,34
REQ-00177,AST-ENG-158,Engineering,BZA-VSKP,track_defect,Low,18,0.417,1,20,2,False,2026-09-12 00:00:00,2026-09-12 05:00:00,41
REQ-00178,AST-SNT-032,Signal & Telecom,HWH-BWN,signal_fault,Medium,13,0.598,0,52,6,False,2026-10-06 13:00:00,2026-10-06 15:00:00,46
REQ-00179,AST-SNT-113,Signal & Telecom,JP-AII,signal_fault,Low,55,0.583,1,53,6,False,2026-09-26 02:00:00,2026-09-26 06:00:00,35
REQ-00180,AST-TRD-130,Traction Distribution,ALD-MGS,traction_fault,Low,76,0.745,1,156,5,False,2026-09-24 23:00:00,2026-09-25 02:00:00,45
REQ-00181,AST-SNT-090,Signal & Telecom,LKO-CNB,signal_fault,Medium,51,0.601,1,48,5,False,2026-09-15 11:00:00,2026-09-15 13:00:00,40
REQ-00182,AST-TRD-143,Traction Distribution,GHY-NJP,traction_fault,High,0,0.604,1,89,8,False,2026-09-21 13:00:00,2026-09-21 16:00:00,34
REQ-00183,AST-SNT-066,Signal & Telecom,PUNE-DD,signal_fault,Low,70,0.326,0,41,4,False,2026-10-02 13:00:00,2026-10-02 16:00:00,38
REQ-00184,AST-TRD-167,Traction Distribution,BZA-VSKP,traction_fault,Low,70,0.694,1,98,6,False,2026-09-27 22:00:00,2026-09-28 03:00:00,41
REQ-00185,AST-ENG-014,Engineering,CSMT-KYN,track_defect,Low,53,0.595,1,43,2,False,2026-09-19 02:00:00,2026-09-19 05:00:00,48
REQ-00186,AST-TRD-095,Traction Distribution,LKO-CNB,traction_fault,Low,12,0.736,1,135,7,False,2026-09-17 11:00:00,2026-09-17 13:00:00,40
REQ-00187,AST-TRD-048,Traction Distribution,SBC-JTJ,traction_fault,Low,48,0.692,1,94,5,False,2026-09-21 13:00:00,2026-09-21 17:00:00,38
REQ-00188,AST-ENG-135,Engineering,GHY-NJP,track_defect,High,22,0.533,1,59,3,False,2026-09-25 00:00:00,2026-09-25 04:00:00,34
REQ-00189,AST-TRD-141,Traction Distribution,GHY-NJP,traction_fault,Medium,61,0.537,1,122,5,False,2026-09-14 00:00:00,2026-09-14 02:00:00,34
REQ-00190,AST-TRD-035,Traction Distribution,HWH-BWN,traction_fault,Medium,63,0.805,1,162,4,False,2026-09-19 13:00:00,2026-09-19 15:00:00,46
REQ-00191,AST-SNT-055,Signal & Telecom,MAS-AJJ,signal_fault,Low,10,0.911,1,45,5,False,2026-09-18 11:00:00,2026-09-18 14:00:00,44
REQ-00192,AST-SNT-091,Signal & Telecom,LKO-CNB,signal_fault,Medium,27,0.385,1,26,4,True,2026-09-11 23:00:00,2026-09-12 03:00:00,40
REQ-00193,AST-TRD-108,Traction Distribution,BPL-ET,traction_fault,Medium,34,0.671,0,142,5,False,2026-10-06 23:00:00,2026-10-07 02:00:00,41
REQ-00194,AST-TRD-132,Traction Distribution,ALD-MGS,traction_fault,Low,69,0.767,0,164,7,True,2026-10-01 02:00:00,2026-10-01 07:00:00,45
REQ-00195,AST-SNT-068,Signal & Telecom,PUNE-DD,signal_fault,Low,44,0.808,1,47,7,True,2026-09-09 02:00:00,2026-09-09 04:00:00,38
REQ-00196,AST-SNT-174,Signal & Telecom,NGP-BSL,signal_fault,Medium,59,0.56,1,46,4,False,2026-09-23 11:00:00,2026-09-23 14:00:00,38
REQ-00197,AST-ENG-159,Engineering,BZA-VSKP,track_defect,Low,15,0.366,1,30,4,False,2026-09-23 23:00:00,2026-09-24 01:00:00,41
REQ-00198,AST-SNT-138,Signal & Telecom,GHY-NJP,signal_fault,High,7,0.438,1,46,3,False,2026-09-25 23:00:00,2026-09-26 01:00:00,34
REQ-00199,AST-SNT-089,Signal & Telecom,LKO-CNB,signal_fault,Medium,86,0.261,0,54,1,False,2026-10-02 00:00:00,2026-10-02 05:00:00,40
REQ-00200,AST-ENG-075,Engineering,ADI-BRC,track_defect,Low,67,0.415,1,46,3,False,2026-09-21 00:00:00,2026-09-21 05:00:00,42
REQ-00201,AST-SNT-056,Signal & Telecom,MAS-AJJ,signal_fault,Medium,1,0.586,1,70,4,False,2026-09-30 00:00:00,2026-09-30 05:00:00,44
REQ-00202,AST-ENG-001,Engineering,NDLS-GZB,track_defect,Low,8,0.248,1,53,1,False,2026-09-30 11:00:00,2026-09-30 13:00:00,48
REQ-00203,AST-ENG-063,Engineering,PUNE-DD,track_defect,Low,75,0.396,1,59,2,True,2026-09-29 02:00:00,2026-09-29 04:00:00,38
REQ-00204,AST-TRD-021,Traction Distribution,CSMT-KYN,traction_fault,Low,37,0.657,0,142,5,False,2026-10-06 23:00:00,2026-10-07 01:00:00,48
REQ-00205,AST-TRD-036,Traction Distribution,HWH-BWN,traction_fault,Low,14,0.604,0,166,5,False,2026-10-01 04:00:00,2026-10-01 09:00:00,46
REQ-00206,AST-ENG-170,Engineering,NGP-BSL,track_defect,Low,73,0.373,1,52,2,True,2026-09-19 23:00:00,2026-09-20 04:00:00,38
REQ-00207,AST-SNT-128,Signal & Telecom,ALD-MGS,signal_fault,Low,20,0.328,1,43,1,False,2026-09-28 04:00:00,2026-09-28 08:00:00,45
REQ-00208,AST-TRD-107,Traction Distribution,BPL-ET,traction_fault,High,7,0.44,1,89,2,False,2026-09-19 04:00:00,2026-09-19 07:00:00,41
REQ-00209,AST-ENG-145,Engineering,TVC-QLN,track_defect,Low,6,0.758,1,47,7,False,2026-09-07 13:00:00,2026-09-07 18:00:00,35
REQ-00210,AST-SNT-103,Signal & Telecom,BPL-ET,signal_fault,Medium,9,0.488,1,51,3,True,2026-09-20 22:00:00,2026-09-21 01:00:00,41
REQ-00211,AST-TRD-071,Traction Distribution,PUNE-DD,traction_fault,Medium,12,0.779,1,108,8,False,2026-09-11 13:00:00,2026-09-11 16:00:00,38
REQ-00212,AST-TRD-143,Traction Distribution,GHY-NJP,traction_fault,Low,74,0.684,0,99,8,True,2026-10-01 02:00:00,2026-10-01 04:00:00,34
REQ-00213,AST-TRD-083,Traction Distribution,ADI-BRC,traction_fault,Medium,72,0.331,1,125,1,True,2026-09-26 00:00:00,2026-09-26 03:00:00,42
REQ-00214,AST-SNT-019,Signal & Telecom,CSMT-KYN,signal_fault,Low,38,0.69,1,49,6,True,2026-09-26 00:00:00,2026-09-26 05:00:00,48
REQ-00215,AST-ENG-134,Engineering,GHY-NJP,track_defect,Low,62,0.516,0,68,2,False,2026-10-04 00:00:00,2026-10-04 03:00:00,34
REQ-00216,AST-TRD-082,Traction Distribution,ADI-BRC,traction_fault,Medium,75,0.445,1,125,1,False,2026-09-21 11:00:00,2026-09-21 14:00:00,42
REQ-00217,AST-SNT-150,Signal & Telecom,TVC-QLN,signal_fault,Medium,68,0.661,1,39,7,False,2026-09-08 04:00:00,2026-09-08 08:00:00,35
REQ-00218,AST-TRD-179,Traction Distribution,NGP-BSL,traction_fault,High,44,0.725,1,131,8,False,2026-09-30 15:00:00,2026-09-30 19:00:00,38
REQ-00219,AST-TRD-177,Traction Distribution,NGP-BSL,traction_fault,Low,51,0.554,1,118,3,False,2026-09-11 11:00:00,2026-09-11 16:00:00,38
REQ-00220,AST-TRD-012,Traction Distribution,NDLS-GZB,traction_fault,Low,53,0.922,1,169,6,False,2026-09-24 04:00:00,2026-09-24 09:00:00,48
REQ-00221,AST-ENG-004,Engineering,NDLS-GZB,track_defect,High,58,0.69,1,56,5,False,2026-09-18 22:00:00,2026-09-19 02:00:00,48
REQ-00222,AST-SNT-079,Signal & Telecom,ADI-BRC,signal_fault,Low,80,0.319,1,32,2,True,2026-09-11 13:00:00,2026-09-11 18:00:00,42
REQ-00223,AST-ENG-099,Engineering,BPL-ET,track_defect,Low,23,0.528,1,34,5,False,2026-09-22 11:00:00,2026-09-22 14:00:00,41
REQ-00224,AST-SNT-138,Signal & Telecom,GHY-NJP,signal_fault,Low,5,0.404,1,32,3,False,2026-09-11 23:00:00,2026-09-12 01:00:00,34
REQ-00225,AST-ENG-075,Engineering,ADI-BRC,track_defect,High,18,0.372,1,49,3,False,2026-09-24 04:00:00,2026-09-24 09:00:00,42
REQ-00226,AST-TRD-046,Traction Distribution,SBC-JTJ,traction_fault,Low,33,0.488,1,85,5,False,2026-09-17 02:00:00,2026-09-17 07:00:00,38
REQ-00227,AST-TRD-022,Traction Distribution,CSMT-KYN,traction_fault,Low,51,0.428,1,162,2,False,2026-09-24 11:00:00,2026-09-24 13:00:00,48
REQ-00228,AST-SNT-128,Signal & Telecom,ALD-MGS,signal_fault,Low,73,0.335,1,41,1,True,2026-09-26 00:00:00,2026-09-26 02:00:00,45
REQ-00229,AST-ENG-145,Engineering,TVC-QLN,track_defect,Medium,6,0.712,1,65,7,False,2026-09-25 11:00:00,2026-09-25 16:00:00,35
REQ-00230,AST-TRD-179,Traction Distribution,NGP-BSL,traction_fault,Low,52,0.722,1,118,8,False,2026-09-17 13:00:00,2026-09-17 15:00:00,38
REQ-00231,AST-SNT-041,Signal & Telecom,SBC-JTJ,signal_fault,Medium,43,0.461,1,46,3,False,2026-09-30 02:00:00,2026-09-30 07:00:00,38
REQ-00232,AST-SNT-137,Signal & Telecom,GHY-NJP,signal_fault,High,40,0.437,1,49,3,True,2026-09-26 11:00:00,2026-09-26 16:00:00,34
REQ-00233,AST-SNT-104,Signal & Telecom,BPL-ET,signal_fault,High,68,0.358,1,40,2,False,2026-09-17 13:00:00,2026-09-17 18:00:00,41
REQ-00234,AST-ENG-122,Engineering,ALD-MGS,track_defect,Low,3,0.467,1,34,2,False,2026-09-18 13:00:00,2026-09-18 17:00:00,45
REQ-00235,AST-ENG-169,Engineering,NGP-BSL,track_defect,High,53,0.534,1,28,5,False,2026-09-22 23:00:00,2026-09-23 01:00:00,38
REQ-00236,AST-SNT-139,Signal & Telecom,GHY-NJP,signal_fault,Low,2,0.572,1,33,4,False,2026-09-22 15:00:00,2026-09-22 18:00:00,34
REQ-00237,AST-SNT-079,Signal & Telecom,ADI-BRC,signal_fault,Medium,39,0.303,1,29,2,False,2026-09-08 11:00:00,2026-09-08 14:00:00,42
REQ-00238,AST-ENG-100,Engineering,BPL-ET,track_defect,Low,52,0.601,0,56,4,False,2026-10-06 22:00:00,2026-10-07 02:00:00,41
REQ-00239,AST-ENG-062,Engineering,PUNE-DD,track_defect,High,53,0.326,1,45,0,False,2026-09-14 22:00:00,2026-09-15 01:00:00,38
REQ-00240,AST-ENG-122,Engineering,ALD-MGS,track_defect,Low,44,0.507,1,44,2,False,2026-09-28 15:00:00,2026-09-28 19:00:00,45
REQ-00241,AST-TRD-096,Traction Distribution,LKO-CNB,traction_fault,Low,47,0.385,1,116,2,False,2026-09-30 23:00:00,2026-10-01 04:00:00,40
REQ-00242,AST-ENG-147,Engineering,TVC-QLN,track_defect,Medium,65,0.465,1,55,1,False,2026-09-18 04:00:00,2026-09-18 07:00:00,35
REQ-00243,AST-ENG-088,Engineering,LKO-CNB,track_defect,Low,37,0.402,1,20,2,False,2026-09-12 00:00:00,2026-09-12 02:00:00,40
REQ-00244,AST-TRD-021,Traction Distribution,CSMT-KYN,traction_fault,Low,15,0.669,0,139,5,False,2026-10-03 00:00:00,2026-10-03 02:00:00,48
REQ-00245,AST-SNT-162,Signal & Telecom,BZA-VSKP,signal_fault,Low,12,0.267,1,40,1,False,2026-09-27 11:00:00,2026-09-27 13:00:00,41
REQ-00246,AST-SNT-005,Signal & Telecom,NDLS-GZB,signal_fault,Medium,75,0.465,1,53,3,True,2026-09-13 23:00:00,2026-09-14 03:00:00,48
REQ-00247,AST-ENG-121,Engineering,ALD-MGS,track_defect,Low,31,0.555,1,66,4,False,2026-09-28 23:00:00,2026-09-29 04:00:00,45
REQ-00248,AST-TRD-107,Traction Distribution,BPL-ET,traction_fault,Low,74,0.359,1,94,2,False,2026-09-24 22:00:00,2026-09-25 00:00:00,41
REQ-00249,AST-ENG-135,Engineering,GHY-NJP,track_defect,Medium,78,0.518,1,49,3,False,2026-09-15 13:00:00,2026-09-15 15:00:00,34
REQ-00250,AST-ENG-133,Engineering,GHY-NJP,track_defect,Low,52,0.7,1,66,6,False,2026-09-28 22:00:00,2026-09-29 01:00:00,34
REQ-00251,AST-TRD-023,Traction Distribution,CSMT-KYN,traction_fault,Low,41,0.742,1,139,6,False,2026-09-23 04:00:00,2026-09-23 07:00:00,48
REQ-00252,AST-SNT-102,Signal & Telecom,BPL-ET,signal_fault,Medium,39,0.576,1,35,3,True,2026-09-15 15:00:00,2026-09-15 19:00:00,41
REQ-00253,AST-SNT-018,Signal & Telecom,CSMT-KYN,signal_fault,Low,58,0.419,1,58,1,False,2026-09-18 22:00:00,2026-09-19 03:00:00,48
REQ-00254,AST-TRD-141,Traction Distribution,GHY-NJP,traction_fault,Low,23,0.555,1,122,5,False,2026-09-14 13:00:00,2026-09-14 15:00:00,34
REQ-00255,AST-ENG-159,Engineering,BZA-VSKP,track_defect,Low,42,0.339,1,34,4,False,2026-09-27 00:00:00,2026-09-27 02:00:00,41
REQ-00256,AST-SNT-077,Signal & Telecom,ADI-BRC,signal_fault,Medium,79,0.412,1,36,2,False,2026-09-24 23:00:00,2026-09-25 01:00:00,42
REQ-00257,AST-TRD-141,Traction Distribution,GHY-NJP,traction_fault,Medium,5,0.575,1,120,5,False,2026-09-12 02:00:00,2026-09-12 07:00:00,34
REQ-00258,AST-TRD-130,Traction Distribution,ALD-MGS,traction_fault,Low,30,0.749,0,164,5,False,2026-10-02 15:00:00,2026-10-02 17:00:00,45
REQ-00259,AST-SNT-175,Signal & Telecom,NGP-BSL,signal_fault,Low,12,0.438,1,31,3,False,2026-09-08 11:00:00,2026-09-08 14:00:00,38
REQ-00260,AST-ENG-133,Engineering,GHY-NJP,track_defect,Medium,41,0.694,0,73,6,False,2026-10-05 23:00:00,2026-10-06 03:00:00,34
REQ-00261,AST-TRD-021,Traction Distribution,CSMT-KYN,traction_fault,Low,69,0.646,1,134,5,True,2026-09-28 13:00:00,2026-09-28 15:00:00,48
REQ-00262,AST-TRD-167,Traction Distribution,BZA-VSKP,traction_fault,Low,64,0.701,1,88,6,False,2026-09-17 00:00:00,2026-09-17 03:00:00,41
REQ-00263,AST-TRD-153,Traction Distribution,TVC-QLN,traction_fault,Low,76,0.438,0,126,4,True,2026-10-03 22:00:00,2026-10-04 00:00:00,35
REQ-00264,AST-TRD-117,Traction Distribution,JP-AII,traction_fault,Low,24,0.492,1,102,5,False,2026-09-14 22:00:00,2026-09-15 02:00:00,35
REQ-00265,AST-TRD-144,Traction Distribution,GHY-NJP,traction_fault,Low,0,0.307,1,122,2,False,2026-09-11 02:00:00,2026-09-11 06:00:00,34
REQ-00266,AST-ENG-076,Engineering,ADI-BRC,track_defect,Medium,37,0.314,1,20,3,False,2026-09-14 02:00:00,2026-09-14 06:00:00,42
REQ-00267,AST-TRD-120,Traction Distribution,JP-AII,traction_fault,High,51,0.604,1,151,5,False,2026-09-26 22:00:00,2026-09-27 02:00:00,35
REQ-00268,AST-SNT-054,Signal & Telecom,MAS-AJJ,signal_fault,Medium,22,0.426,0,41,2,True,2026-10-02 23:00:00,2026-10-03 04:00:00,44
REQ-00269,AST-SNT-104,Signal & Telecom,BPL-ET,signal_fault,Medium,36,0.379,1,42,2,True,2026-09-19 22:00:00,2026-09-20 01:00:00,41
REQ-00270,AST-SNT-127,Signal & Telecom,ALD-MGS,signal_fault,Low,26,0.799,1,37,7,False,2026-09-19 02:00:00,2026-09-19 06:00:00,45
REQ-00271,AST-TRD-142,Traction Distribution,GHY-NJP,traction_fault,Medium,28,0.306,1,101,3,False,2026-09-09 02:00:00,2026-09-09 06:00:00,34
REQ-00272,AST-TRD-142,Traction Distribution,GHY-NJP,traction_fault,Low,59,0.323,0,124,3,False,2026-10-02 04:00:00,2026-10-02 09:00:00,34
REQ-00273,AST-SNT-019,Signal & Telecom,CSMT-KYN,signal_fault,Low,78,0.674,1,32,6,False,2026-09-09 00:00:00,2026-09-09 04:00:00,48
REQ-00274,AST-SNT-149,Signal & Telecom,TVC-QLN,signal_fault,Medium,30,0.548,1,29,7,False,2026-09-15 02:00:00,2026-09-15 05:00:00,35
REQ-00275,AST-TRD-084,Traction Distribution,ADI-BRC,traction_fault,Low,75,0.862,1,157,6,False,2026-09-21 22:00:00,2026-09-22 00:00:00,42
REQ-00276,AST-SNT-067,Signal & Telecom,PUNE-DD,signal_fault,High,59,0.317,1,50,0,False,2026-09-24 02:00:00,2026-09-24 06:00:00,38
REQ-00277,AST-ENG-001,Engineering,NDLS-GZB,track_defect,Medium,33,0.321,1,39,1,False,2026-09-16 22:00:00,2026-09-17 03:00:00,48
REQ-00278,AST-ENG-135,Engineering,GHY-NJP,track_defect,Medium,18,0.537,0,69,3,False,2026-10-05 11:00:00,2026-10-05 14:00:00,34
REQ-00279,AST-ENG-027,Engineering,HWH-BWN,track_defect,Low,21,0.427,1,20,2,False,2026-09-11 13:00:00,2026-09-11 17:00:00,46
REQ-00280,AST-SNT-030,Signal & Telecom,HWH-BWN,signal_fault,Low,31,0.298,1,15,1,True,2026-09-09 04:00:00,2026-09-09 09:00:00,46
REQ-00281,AST-ENG-052,Engineering,MAS-AJJ,track_defect,High,15,0.537,1,40,3,False,2026-09-22 02:00:00,2026-09-22 06:00:00,44
REQ-00282,AST-SNT-044,Signal & Telecom,SBC-JTJ,signal_fault,Low,10,0.806,1,59,7,False,2026-09-30 23:00:00,2026-10-01 02:00:00,38
REQ-00283,AST-ENG-025,Engineering,HWH-BWN,track_defect,Low,46,0.907,1,49,9,False,2026-09-16 00:00:00,2026-09-16 05:00:00,46
REQ-00284,AST-TRD-120,Traction Distribution,JP-AII,traction_fault,Low,17,0.634,1,144,5,False,2026-09-19 15:00:00,2026-09-19 20:00:00,35
REQ-00285,AST-TRD-165,Traction Distribution,BZA-VSKP,traction_fault,Low,58,0.609,0,179,3,False,2026-10-03 04:00:00,2026-10-03 08:00:00,41
REQ-00286,AST-TRD-141,Traction Distribution,GHY-NJP,traction_fault,Low,78,0.508,1,121,5,True,2026-09-13 23:00:00,2026-09-14 03:00:00,34
REQ-00287,AST-TRD-082,Traction Distribution,ADI-BRC,traction_fault,Low,69,0.467,1,121,1,True,2026-09-17 13:00:00,2026-09-17 18:00:00,42
REQ-00288,AST-ENG-147,Engineering,TVC-QLN,track_defect,Low,15,0.421,1,51,1,False,2026-09-14 15:00:00,2026-09-14 20:00:00,35
REQ-00289,AST-ENG-147,Engineering,TVC-QLN,track_defect,Medium,72,0.486,1,56,1,True,2026-09-19 15:00:00,2026-09-19 17:00:00,35
REQ-00290,AST-SNT-041,Signal & Telecom,SBC-JTJ,signal_fault,Low,20,0.465,1,41,3,True,2026-09-25 04:00:00,2026-09-25 06:00:00,38
REQ-00291,AST-TRD-094,Traction Distribution,LKO-CNB,traction_fault,Medium,66,0.31,1,126,0,False,2026-09-29 11:00:00,2026-09-29 16:00:00,40
REQ-00292,AST-ENG-158,Engineering,BZA-VSKP,track_defect,Medium,76,0.405,1,37,2,False,2026-09-29 02:00:00,2026-09-29 07:00:00,41
REQ-00293,AST-ENG-025,Engineering,HWH-BWN,track_defect,High,53,0.899,1,60,9,False,2026-09-27 13:00:00,2026-09-27 16:00:00,46
REQ-00294,AST-ENG-026,Engineering,HWH-BWN,track_defect,Medium,30,0.353,1,43,4,False,2026-09-29 22:00:00,2026-09-30 03:00:00,46
REQ-00295,AST-TRD-119,Traction Distribution,JP-AII,traction_fault,Medium,16,0.587,1,143,5,False,2026-09-22 22:00:00,2026-09-23 03:00:00,35
REQ-00296,AST-SNT-151,Signal & Telecom,TVC-QLN,signal_fault,Medium,74,0.323,1,29,3,True,2026-09-18 02:00:00,2026-09-18 04:00:00,35
REQ-00297,AST-ENG-123,Engineering,ALD-MGS,track_defect,High,80,0.526,1,55,2,True,2026-09-28 15:00:00,2026-09-28 18:00:00,45
REQ-00298,AST-TRD-011,Traction Distribution,NDLS-GZB,traction_fault,High,30,0.681,1,101,6,False,2026-09-25 22:00:00,2026-09-26 02:00:00,48
REQ-00299,AST-ENG-076,Engineering,ADI-BRC,track_defect,High,65,0.279,1,16,3,False,2026-09-10 00:00:00,2026-09-10 02:00:00,42
REQ-00300,AST-ENG-097,Engineering,BPL-ET,track_defect,Medium,11,0.28,1,47,2,False,2026-09-30 11:00:00,2026-09-30 16:00:00,41
REQ-00301,AST-ENG-086,Engineering,LKO-CNB,track_defect,Medium,39,0.636,0,53,6,False,2026-10-01 04:00:00,2026-10-01 08:00:00,40
REQ-00302,AST-SNT-091,Signal & Telecom,LKO-CNB,signal_fault,High,29,0.435,1,25,4,True,2026-09-10 13:00:00,2026-09-10 18:00:00,40
REQ-00303,AST-ENG-014,Engineering,CSMT-KYN,track_defect,Low,35,0.528,1,34,2,False,2026-09-10 04:00:00,2026-09-10 08:00:00,48
REQ-00304,AST-SNT-090,Signal & Telecom,LKO-CNB,signal_fault,Low,71,0.603,0,65,5,False,2026-10-02 11:00:00,2026-10-02 16:00:00,40
REQ-00305,AST-ENG-015,Engineering,CSMT-KYN,track_defect,Low,58,0.572,1,33,5,False,2026-09-21 23:00:00,2026-09-22 03:00:00,48
REQ-00306,AST-TRD-011,Traction Distribution,NDLS-GZB,traction_fault,Medium,17,0.669,0,108,6,False,2026-10-02 02:00:00,2026-10-02 04:00:00,48
REQ-00307,AST-ENG-122,Engineering,ALD-MGS,track_defect,Low,27,0.483,1,26,2,False,2026-09-10 04:00:00,2026-09-10 07:00:00,45
REQ-00308,AST-SNT-104,Signal & Telecom,BPL-ET,signal_fault,Low,70,0.407,1,35,2,False,2026-09-12 15:00:00,2026-09-12 20:00:00,41
REQ-00309,AST-TRD-047,Traction Distribution,SBC-JTJ,traction_fault,Low,5,0.651,0,126,4,False,2026-10-02 22:00:00,2026-10-03 01:00:00,38
REQ-00310,AST-TRD-131,Traction Distribution,ALD-MGS,traction_fault,Low,71,0.525,1,101,4,True,2026-09-20 22:00:00,2026-09-21 00:00:00,45
REQ-00311,AST-SNT-173,Signal & Telecom,NGP-BSL,signal_fault,Low,45,0.738,1,53,6,False,2026-09-13 23:00:00,2026-09-14 04:00:00,38
REQ-00312,AST-ENG-134,Engineering,GHY-NJP,track_defect,Low,49,0.517,1,47,2,False,2026-09-13 11:00:00,2026-09-13 15:00:00,34
REQ-00313,AST-TRD-156,Traction Distribution,TVC-QLN,traction_fault,Medium,16,0.896,0,167,5,False,2026-10-02 02:00:00,2026-10-02 04:00:00,35
REQ-00314,AST-ENG-099,Engineering,BPL-ET,track_defect,Low,56,0.518,1,24,5,False,2026-09-12 15:00:00,2026-09-12 19:00:00,41
REQ-00315,AST-TRD-024,Traction Distribution,CSMT-KYN,traction_fault,Medium,0,0.539,1,112,5,False,2026-09-15 23:00:00,2026-09-16 03:00:00,48
REQ-00316,AST-TRD-120,Traction Distribution,JP-AII,traction_fault,Low,27,0.636,1,144,5,False,2026-09-19 02:00:00,2026-09-19 06:00:00,35
REQ-00317,AST-TRD-094,Traction Distribution,LKO-CNB,traction_fault,High,37,0.322,1,123,0,False,2026-09-26 04:00:00,2026-09-26 08:00:00,40
REQ-00318,AST-SNT-114,Signal & Telecom,JP-AII,signal_fault,Low,61,0.49,1,22,4,False,2026-09-09 04:00:00,2026-09-09 08:00:00,35
REQ-00319,AST-ENG-052,Engineering,MAS-AJJ,track_defect,Medium,63,0.581,1,28,3,False,2026-09-10 04:00:00,2026-09-10 08:00:00,44
REQ-00320,AST-SNT-101,Signal & Telecom,BPL-ET,signal_fault,Low,41,0.503,1,47,3,False,2026-09-19 22:00:00,2026-09-20 01:00:00,41
REQ-00321,AST-TRD-084,Traction Distribution,ADI-BRC,traction_fault,Low,78,0.914,1,148,6,True,2026-09-12 23:00:00,2026-09-13 02:00:00,42
REQ-00322,AST-SNT-092,Signal & Telecom,LKO-CNB,signal_fault,Low,1,0.558,1,31,5,False,2026-09-16 04:00:00,2026-09-16 07:00:00,40
REQ-00323,AST-SNT-089,Signal & Telecom,LKO-CNB,signal_fault,Low,48,0.343,1,48,1,True,2026-09-26 00:00:00,2026-09-26 04:00:00,40
REQ-00324,AST-TRD-096,Traction Distribution,LKO-CNB,traction_fault,Low,76,0.464,1,97,2,True,2026-09-11 11:00:00,2026-09-11 16:00:00,40
REQ-00325,AST-ENG-097,Engineering,BPL-ET,track_defect,Low,46,0.311,1,44,2,False,2026-09-27 23:00:00,2026-09-28 04:00:00,41
REQ-00326,AST-ENG-075,Engineering,ADI-BRC,track_defect,Low,56,0.365,1,54,3,False,2026-09-29 23:00:00,2026-09-30 04:00:00,42
REQ-00327,AST-ENG-109,Engineering,JP-AII,track_defect,Low,67,0.582,1,20,6,False,2026-09-07 11:00:00,2026-09-07 15:00:00,35
REQ-00328,AST-TRD-047,Traction Distribution,SBC-JTJ,traction_fault,Low,76,0.71,1,118,4,False,2026-09-24 13:00:00,2026-09-24 16:00:00,38
REQ-00329,AST-SNT-113,Signal & Telecom,JP-AII,signal_fault,Low,53,0.612,1,57,6,False,2026-09-30 23:00:00,2026-10-01 01:00:00,35
REQ-00330,AST-SNT-054,Signal & Telecom,MAS-AJJ,signal_fault,Low,7,0.479,0,40,2,False,2026-10-01 15:00:00,2026-10-01 17:00:00,44
REQ-00331,AST-SNT-089,Signal & Telecom,LKO-CNB,signal_fault,Low,23,0.258,1,46,1,False,2026-09-24 11:00:00,2026-09-24 16:00:00,40
REQ-00332,AST-SNT-162,Signal & Telecom,BZA-VSKP,signal_fault,Low,72,0.283,1,40,1,False,2026-09-27 11:00:00,2026-09-27 15:00:00,41
REQ-00333,AST-SNT-007,Signal & Telecom,NDLS-GZB,signal_fault,Medium,69,0.56,1,54,3,False,2026-09-21 13:00:00,2026-09-21 17:00:00,48
REQ-00334,AST-TRD-022,Traction Distribution,CSMT-KYN,traction_fault,High,55,0.422,1,159,2,False,2026-09-21 02:00:00,2026-09-21 05:00:00,48
REQ-00335,AST-ENG-136,Engineering,GHY-NJP,track_defect,High,6,0.706,1,48,8,False,2026-09-25 15:00:00,2026-09-25 20:00:00,34
REQ-00336,AST-TRD-033,Traction Distribution,HWH-BWN,traction_fault,Medium,46,0.668,0,131,6,False,2026-10-02 11:00:00,2026-10-02 14:00:00,46
REQ-00337,AST-TRD-117,Traction Distribution,JP-AII,traction_fault,Low,43,0.486,1,106,5,False,2026-09-18 13:00:00,2026-09-18 16:00:00,35
REQ-00338,AST-SNT-138,Signal & Telecom,GHY-NJP,signal_fault,High,9,0.443,1,37,3,True,2026-09-16 13:00:00,2026-09-16 17:00:00,34
REQ-00339,AST-TRD-105,Traction Distribution,BPL-ET,traction_fault,Medium,67,0.568,0,169,3,False,2026-10-05 02:00:00,2026-10-05 05:00:00,41
REQ-00340,AST-ENG-147,Engineering,TVC-QLN,track_defect,Low,4,0.48,1,57,1,False,2026-09-20 00:00:00,2026-09-20 04:00:00,35
REQ-00341,AST-ENG-025,Engineering,HWH-BWN,track_defect,Low,21,0.889,1,62,9,False,2026-09-29 04:00:00,2026-09-29 07:00:00,46
REQ-00342,AST-TRD-069,Traction Distribution,PUNE-DD,traction_fault,Low,79,0.398,0,109,2,True,2026-10-03 11:00:00,2026-10-03 16:00:00,38
REQ-00343,AST-SNT-113,Signal & Telecom,JP-AII,signal_fault,Low,38,0.593,1,54,6,False,2026-09-27 13:00:00,2026-09-27 18:00:00,35
REQ-00344,AST-TRD-021,Traction Distribution,CSMT-KYN,traction_fault,High,4,0.68,1,133,5,False,2026-09-27 02:00:00,2026-09-27 07:00:00,48
REQ-00345,AST-SNT-054,Signal & Telecom,MAS-AJJ,signal_fault,Low,24,0.498,1,38,2,False,2026-09-29 15:00:00,2026-09-29 20:00:00,44
REQ-00346,AST-ENG-061,Engineering,PUNE-DD,track_defect,Low,32,0.502,1,41,4,False,2026-09-25 00:00:00,2026-09-25 02:00:00,38
REQ-00347,AST-ENG-086,Engineering,LKO-CNB,track_defect,High,14,0.616,1,49,6,False,2026-09-27 15:00:00,2026-09-27 17:00:00,40
REQ-00348,AST-ENG-074,Engineering,ADI-BRC,track_defect,Low,70,0.339,1,39,1,False,2026-09-13 22:00:00,2026-09-14 01:00:00,42
REQ-00349,AST-ENG-061,Engineering,PUNE-DD,track_defect,Low,50,0.484,0,49,4,False,2026-10-03 13:00:00,2026-10-03 17:00:00,38
REQ-00350,AST-TRD-033,Traction Distribution,HWH-BWN,traction_fault,Low,33,0.676,1,124,6,False,2026-09-25 23:00:00,2026-09-26 03:00:00,46
REQ-00351,AST-SNT-149,Signal & Telecom,TVC-QLN,signal_fault,High,7,0.602,1,22,7,True,2026-09-08 00:00:00,2026-09-08 02:00:00,35
REQ-00352,AST-SNT-162,Signal & Telecom,BZA-VSKP,signal_fault,Low,2,0.289,1,34,1,False,2026-09-21 00:00:00,2026-09-21 02:00:00,41
REQ-00353,AST-ENG-027,Engineering,HWH-BWN,track_defect,Medium,75,0.499,1,30,2,False,2026-09-21 23:00:00,2026-09-22 01:00:00,46
REQ-00354,AST-SNT-080,Signal & Telecom,ADI-BRC,signal_fault,Low,43,0.748,1,53,5,False,2026-09-13 04:00:00,2026-09-13 08:00:00,42
REQ-00355,AST-SNT-176,Signal & Telecom,NGP-BSL,signal_fault,Low,32,0.721,0,65,5,True,2026-10-05 13:00:00,2026-10-05 15:00:00,38
REQ-00356,AST-ENG-049,Engineering,MAS-AJJ,track_defect,Low,68,0.245,1,36,0,False,2026-09-09 15:00:00,2026-09-09 18:00:00,44
REQ-00357,AST-SNT-125,Signal & Telecom,ALD-MGS,signal_fault,Medium,29,0.191,1,23,0,False,2026-09-16 11:00:00,2026-09-16 16:00:00,45
REQ-00358,AST-SNT-138,Signal & Telecom,GHY-NJP,signal_fault,Low,23,0.396,1,31,3,False,2026-09-10 00:00:00,2026-09-10 03:00:00,34
REQ-00359,AST-ENG-025,Engineering,HWH-BWN,track_defect,Low,6,0.875,1,58,9,False,2026-09-25 11:00:00,2026-09-25 16:00:00,46
REQ-00360,AST-ENG-133,Engineering,GHY-NJP,track_defect,Low,32,0.758,1,55,6,False,2026-09-17 02:00:00,2026-09-17 07:00:00,34
REQ-00361,AST-SNT-091,Signal & Telecom,LKO-CNB,signal_fault,Low,43,0.352,1,24,4,False,2026-09-09 11:00:00,2026-09-09 16:00:00,40
REQ-00362,AST-TRD-156,Traction Distribution,TVC-QLN,traction_fault,Low,81,0.853,1,145,5,True,2026-09-10 02:00:00,2026-09-10 06:00:00,35
REQ-00363,AST-TRD-060,Traction Distribution,MAS-AJJ,traction_fault,Medium,70,0.615,1,78,3,False,2026-09-11 22:00:00,2026-09-12 01:00:00,44
REQ-00364,AST-SNT-128,Signal & Telecom,ALD-MGS,signal_fault,Low,62,0.377,1,26,1,True,2026-09-11 02:00:00,2026-09-11 04:00:00,45
REQ-00365,AST-ENG-027,Engineering,HWH-BWN,track_defect,Low,52,0.463,1,30,2,False,2026-09-21 15:00:00,2026-09-21 18:00:00,46
REQ-00366,AST-ENG-026,Engineering,HWH-BWN,track_defect,Low,47,0.432,0,50,4,False,2026-10-06 22:00:00,2026-10-07 03:00:00,46
REQ-00367,AST-TRD-022,Traction Distribution,CSMT-KYN,traction_fault,High,9,0.476,0,173,2,False,2026-10-05 02:00:00,2026-10-05 05:00:00,48
REQ-00368,AST-ENG-110,Engineering,JP-AII,track_defect,Low,71,0.316,1,52,0,True,2026-09-30 22:00:00,2026-10-01 02:00:00,35
REQ-00369,AST-TRD-069,Traction Distribution,PUNE-DD,traction_fault,High,30,0.377,0,108,2,False,2026-10-02 04:00:00,2026-10-02 07:00:00,38
REQ-00370,AST-ENG-014,Engineering,CSMT-KYN,track_defect,Low,52,0.582,1,38,2,True,2026-09-14 13:00:00,2026-09-14 15:00:00,48
REQ-00371,AST-ENG-123,Engineering,ALD-MGS,track_defect,Low,6,0.513,0,62,2,False,2026-10-05 13:00:00,2026-10-05 16:00:00,45
REQ-00372,AST-ENG-097,Engineering,BPL-ET,track_defect,Low,11,0.308,1,30,2,False,2026-09-13 22:00:00,2026-09-14 02:00:00,41
REQ-00373,AST-ENG-147,Engineering,TVC-QLN,track_defect,Medium,79,0.432,0,72,1,True,2026-10-05 11:00:00,2026-10-05 16:00:00,35
REQ-00374,AST-ENG-040,Engineering,SBC-JTJ,track_defect,Low,49,0.466,1,62,1,False,2026-09-22 02:00:00,2026-09-22 04:00:00,38
REQ-00375,AST-SNT-176,Signal & Telecom,NGP-BSL,signal_fault,Low,35,0.742,1,47,5,False,2026-09-17 04:00:00,2026-09-17 09:00:00,38
REQ-00376,AST-SNT-113,Signal & Telecom,JP-AII,signal_fault,Medium,36,0.631,1,47,6,False,2026-09-20 15:00:00,2026-09-20 18:00:00,35
REQ-00377,AST-SNT-150,Signal & Telecom,TVC-QLN,signal_fault,Low,5,0.639,1,40,7,False,2026-09-09 00:00:00,2026-09-09 02:00:00,35
REQ-00378,AST-ENG-038,Engineering,SBC-JTJ,track_defect,High,21,0.686,1,37,5,False,2026-09-08 00:00:00,2026-09-08 05:00:00,38
REQ-00379,AST-SNT-125,Signal & Telecom,ALD-MGS,signal_fault,Low,33,0.195,1,36,0,False,2026-09-29 22:00:00,2026-09-30 03:00:00,45
REQ-00380,AST-ENG-014,Engineering,CSMT-KYN,track_defect,Low,30,0.505,1,51,2,False,2026-09-27 04:00:00,2026-09-27 08:00:00,48
REQ-00381,AST-ENG-014,Engineering,CSMT-KYN,track_defect,Medium,56,0.551,1,47,2,False,2026-09-23 11:00:00,2026-09-23 14:00:00,48
REQ-00382,AST-SNT-078,Signal & Telecom,ADI-BRC,signal_fault,Medium,72,0.46,1,47,2,False,2026-09-25 02:00:00,2026-09-25 06:00:00,42
REQ-00383,AST-ENG-135,Engineering,GHY-NJP,track_defect,Medium,71,0.492,0,68,3,False,2026-10-04 11:00:00,2026-10-04 13:00:00,34
REQ-00384,AST-SNT-176,Signal & Telecom,NGP-BSL,signal_fault,Low,63,0.717,1,50,5,False,2026-09-20 02:00:00,2026-09-20 07:00:00,38
REQ-00385,AST-SNT-008,Signal & Telecom,NDLS-GZB,signal_fault,Low,52,0.378,1,43,1,False,2026-09-16 04:00:00,2026-09-16 06:00:00,48
REQ-00386,AST-SNT-029,Signal & Telecom,HWH-BWN,signal_fault,Low,60,0.613,1,64,5,False,2026-09-29 00:00:00,2026-09-29 03:00:00,46
REQ-00387,AST-SNT-067,Signal & Telecom,PUNE-DD,signal_fault,Low,20,0.268,1,49,0,False,2026-09-23 13:00:00,2026-09-23 16:00:00,38
REQ-00388,AST-SNT-140,Signal & Telecom,GHY-NJP,signal_fault,Low,30,0.522,0,46,3,False,2026-10-01 13:00:00,2026-10-01 15:00:00,34
REQ-00389,AST-TRD-010,Traction Distribution,NDLS-GZB,traction_fault,Medium,11,0.608,1,88,5,False,2026-09-17 22:00:00,2026-09-18 02:00:00,48
REQ-00390,AST-TRD-057,Traction Distribution,MAS-AJJ,traction_fault,Low,50,0.391,1,130,3,False,2026-09-29 02:00:00,2026-09-29 07:00:00,44
REQ-00391,AST-TRD-072,Traction Distribution,PUNE-DD,traction_fault,Low,5,0.697,1,84,7,False,2026-09-08 23:00:00,2026-09-09 02:00:00,38
REQ-00392,AST-TRD-057,Traction Distribution,MAS-AJJ,traction_fault,Low,7,0.368,0,132,3,False,2026-10-01 02:00:00,2026-10-01 04:00:00,44
REQ-00393,AST-TRD-105,Traction Distribution,BPL-ET,traction_fault,Low,44,0.496,1,141,3,False,2026-09-07 00:00:00,2026-09-07 02:00:00,41
REQ-00394,AST-SNT-091,Signal & Telecom,LKO-CNB,signal_fault,Medium,43,0.361,1,33,4,False,2026-09-18 22:00:00,2026-09-19 01:00:00,40
REQ-00395,AST-ENG-159,Engineering,BZA-VSKP,track_defect,High,41,0.33,1,15,4,False,2026-09-08 22:00:00,2026-09-09 01:00:00,41
REQ-00396,AST-ENG-075,Engineering,ADI-BRC,track_defect,High,0,0.431,0,61,3,False,2026-10-06 15:00:00,2026-10-06 19:00:00,42
REQ-00397,AST-SNT-113,Signal & Telecom,JP-AII,signal_fault,Low,53,0.573,1,45,6,False,2026-09-18 02:00:00,2026-09-18 04:00:00,35
REQ-00398,AST-ENG-148,Engineering,TVC-QLN,track_defect,Low,60,0.766,1,54,5,False,2026-09-23 00:00:00,2026-09-23 05:00:00,35
REQ-00399,AST-SNT-090,Signal & Telecom,LKO-CNB,signal_fault,Low,67,0.601,0,67,5,True,2026-10-04 13:00:00,2026-10-04 17:00:00,40
REQ-00400,AST-ENG-100,Engineering,BPL-ET,track_defect,Medium,67,0.606,1,41,4,False,2026-09-21 00:00:00,2026-09-21 04:00:00,41
REQ-00401,AST-TRD-117,Traction Distribution,JP-AII,traction_fault,Medium,64,0.5,0,120,5,False,2026-10-02 13:00:00,2026-10-02 16:00:00,35
REQ-00402,AST-SNT-114,Signal & Telecom,JP-AII,signal_fault,Medium,23,0.493,1,35,4,True,2026-09-22 11:00:00,2026-09-22 14:00:00,35
REQ-00403,AST-TRD-180,Traction Distribution,NGP-BSL,traction_fault,Medium,53,0.384,1,96,2,False,2026-09-20 00:00:00,2026-09-20 03:00:00,38
REQ-00404,AST-TRD-129,Traction Distribution,ALD-MGS,traction_fault,Medium,47,0.574,0,112,5,False,2026-10-03 00:00:00,2026-10-03 04:00:00,45
REQ-00405,AST-ENG-123,Engineering,ALD-MGS,track_defect,Low,19,0.482,1,46,2,False,2026-09-19 13:00:00,2026-09-19 15:00:00,45
REQ-00406,AST-TRD-048,Traction Distribution,SBC-JTJ,traction_fault,Low,38,0.759,1,93,5,False,2026-09-20 23:00:00,2026-09-21 01:00:00,38
REQ-00407,AST-SNT-030,Signal & Telecom,HWH-BWN,signal_fault,Low,5,0.274,1,35,1,False,2026-09-29 13:00:00,2026-09-29 15:00:00,46
REQ-00408,AST-ENG-039,Engineering,SBC-JTJ,track_defect,Low,40,0.204,0,46,0,False,2026-10-05 22:00:00,2026-10-06 02:00:00,38
REQ-00409,AST-ENG-136,Engineering,GHY-NJP,track_defect,Low,42,0.753,1,32,8,False,2026-09-09 02:00:00,2026-09-09 05:00:00,34
REQ-00410,AST-TRD-082,Traction Distribution,ADI-BRC,traction_fault,Low,69,0.436,1,113,1,False,2026-09-09 00:00:00,2026-09-09 05:00:00,42
REQ-00411,AST-SNT-029,Signal & Telecom,HWH-BWN,signal_fault,Low,20,0.648,1,49,5,False,2026-09-14 13:00:00,2026-09-14 17:00:00,46
REQ-00412,AST-TRD-180,Traction Distribution,NGP-BSL,traction_fault,Medium,36,0.362,0,108,2,False,2026-10-02 22:00:00,2026-10-03 02:00:00,38
REQ-00413,AST-TRD-058,Traction Distribution,MAS-AJJ,traction_fault,Low,5,0.593,1,89,6,False,2026-09-14 02:00:00,2026-09-14 05:00:00,44
REQ-00414,AST-ENG-146,Engineering,TVC-QLN,track_defect,High,9,0.585,1,45,6,False,2026-09-25 02:00:00,2026-09-25 05:00:00,35
REQ-00415,AST-ENG-085,Engineering,LKO-CNB,track_defect,High,88,0.69,1,40,6,True,2026-09-21 15:00:00,2026-09-21 20:00:00,40
REQ-00416,AST-ENG-063,Engineering,PUNE-DD,track_defect,Low,39,0.334,0,61,2,False,2026-10-01 11:00:00,2026-10-01 16:00:00,38
REQ-00417,AST-ENG-049,Engineering,MAS-AJJ,track_defect,Low,81,0.256,0,61,0,True,2026-10-04 02:00:00,2026-10-04 04:00:00,44
REQ-00418,AST-ENG-124,Engineering,ALD-MGS,track_defect,Medium,70,0.498,1,41,2,True,2026-09-16 00:00:00,2026-09-16 03:00:00,45
REQ-00419,AST-ENG-061,Engineering,PUNE-DD,track_defect,Low,83,0.526,1,27,4,True,2026-09-11 02:00:00,2026-09-11 05:00:00,38
REQ-00420,AST-TRD-082,Traction Distribution,ADI-BRC,traction_fault,Medium,29,0.396,1,127,1,False,2026-09-23 00:00:00,2026-09-23 04:00:00,42
REQ-00421,AST-ENG-028,Engineering,HWH-BWN,track_defect,Medium,69,0.607,1,40,5,False,2026-09-07 22:00:00,2026-09-08 03:00:00,46
REQ-00422,AST-TRD-108,Traction Distribution,BPL-ET,traction_fault,Low,82,0.605,1,120,5,True,2026-09-14 02:00:00,2026-09-14 07:00:00,41
REQ-00423,AST-ENG-147,Engineering,TVC-QLN,track_defect,Medium,54,0.399,1,48,1,False,2026-09-11 02:00:00,2026-09-11 04:00:00,35
REQ-00424,AST-ENG-146,Engineering,TVC-QLN,track_defect,Low,5,0.656,1,34,6,False,2026-09-14 04:00:00,2026-09-14 07:00:00,35
REQ-00425,AST-TRD-072,Traction Distribution,PUNE-DD,traction_fault,Medium,56,0.752,1,104,7,False,2026-09-28 02:00:00,2026-09-28 06:00:00,38
REQ-00426,AST-ENG-013,Engineering,CSMT-KYN,track_defect,Low,43,0.778,1,17,4,False,2026-09-07 02:00:00,2026-09-07 05:00:00,48
REQ-00427,AST-TRD-093,Traction Distribution,LKO-CNB,traction_fault,Medium,15,0.406,0,144,1,False,2026-10-02 04:00:00,2026-10-02 06:00:00,40
REQ-00428,AST-ENG-158,Engineering,BZA-VSKP,track_defect,Medium,4,0.342,0,40,2,False,2026-10-02 15:00:00,2026-10-02 17:00:00,41
REQ-00429,AST-SNT-090,Signal & Telecom,LKO-CNB,signal_fault,Medium,37,0.65,1,41,5,False,2026-09-08 04:00:00,2026-09-08 09:00:00,40
REQ-00430,AST-ENG-074,Engineering,ADI-BRC,track_defect,Low,25,0.358,1,48,1,False,2026-09-22 00:00:00,2026-09-22 05:00:00,42
REQ-00431,AST-TRD-036,Traction Distribution,HWH-BWN,traction_fault,Low,30,0.594,1,153,5,False,2026-09-18 11:00:00,2026-09-18 14:00:00,46
REQ-00432,AST-ENG-085,Engineering,LKO-CNB,track_defect,Medium,27,0.739,0,54,6,False,2026-10-05 04:00:00,2026-10-05 06:00:00,40
REQ-00433,AST-TRD-120,Traction Distribution,JP-AII,traction_fault,Low,50,0.642,1,139,5,False,2026-09-14 13:00:00,2026-09-14 18:00:00,35
REQ-00434,AST-TRD-108,Traction Distribution,BPL-ET,traction_fault,Medium,44,0.623,1,128,5,False,2026-09-22 00:00:00,2026-09-22 02:00:00,41
REQ-00435,AST-ENG-025,Engineering,HWH-BWN,track_defect,Low,73,0.937,1,53,9,False,2026-09-20 11:00:00,2026-09-20 14:00:00,46
REQ-00436,AST-TRD-156,Traction Distribution,TVC-QLN,traction_fault,Low,1,0.894,1,159,5,False,2026-09-24 00:00:00,2026-09-24 05:00:00,35
REQ-00437,AST-ENG-063,Engineering,PUNE-DD,track_defect,Medium,67,0.394,1,52,2,False,2026-09-22 23:00:00,2026-09-23 03:00:00,38
REQ-00438,AST-SNT-101,Signal & Telecom,BPL-ET,signal_fault,Medium,43,0.464,1,45,3,False,2026-09-17 22:00:00,2026-09-18 02:00:00,41
REQ-00439,AST-TRD-069,Traction Distribution,PUNE-DD,traction_fault,Low,1,0.439,1,102,2,False,2026-09-26 11:00:00,2026-09-26 13:00:00,38
REQ-00440,AST-TRD-154,Traction Distribution,TVC-QLN,traction_fault,Low,47,0.608,1,129,4,False,2026-09-15 00:00:00,2026-09-15 05:00:00,35
REQ-00441,AST-TRD-154,Traction Distribution,TVC-QLN,traction_fault,Low,1,0.565,1,139,4,False,2026-09-25 11:00:00,2026-09-25 14:00:00,35
REQ-00442,AST-SNT-127,Signal & Telecom,ALD-MGS,signal_fault,Medium,58,0.795,1,32,7,True,2026-09-14 13:00:00,2026-09-14 15:00:00,45
REQ-00443,AST-TRD-047,Traction Distribution,SBC-JTJ,traction_fault,Low,38,0.726,1,119,4,False,2026-09-25 22:00:00,2026-09-26 02:00:00,38
REQ-00444,AST-SNT-163,Signal & Telecom,BZA-VSKP,signal_fault,Medium,23,0.333,1,19,3,False,2026-09-12 04:00:00,2026-09-12 07:00:00,41
REQ-00445,AST-SNT-152,Signal & Telecom,TVC-QLN,signal_fault,Low,63,0.562,1,47,3,False,2026-09-30 15:00:00,2026-09-30 17:00:00,35
REQ-00446,AST-ENG-063,Engineering,PUNE-DD,track_defect,Medium,11,0.387,1,55,2,False,2026-09-25 04:00:00,2026-09-25 07:00:00,38
REQ-00447,AST-TRD-156,Traction Distribution,TVC-QLN,traction_fault,High,13,0.834,0,170,5,False,2026-10-05 23:00:00,2026-10-06 03:00:00,35
REQ-00448,AST-TRD-011,Traction Distribution,NDLS-GZB,traction_fault,Low,4,0.644,1,85,6,False,2026-09-09 00:00:00,2026-09-09 03:00:00,48
REQ-00449,AST-SNT-006,Signal & Telecom,NDLS-GZB,signal_fault,Low,62,0.464,1,46,2,False,2026-09-23 23:00:00,2026-09-24 01:00:00,48
REQ-00450,AST-ENG-112,Engineering,JP-AII,track_defect,High,40,0.785,1,31,7,False,2026-09-13 04:00:00,2026-09-13 08:00:00,35
REQ-00451,AST-SNT-175,Signal & Telecom,NGP-BSL,signal_fault,Low,62,0.35,0,55,3,True,2026-10-02 15:00:00,2026-10-02 17:00:00,38
REQ-00452,AST-SNT-114,Signal & Telecom,JP-AII,signal_fault,Low,73,0.563,1,42,4,False,2026-09-29 04:00:00,2026-09-29 06:00:00,35
REQ-00453,AST-ENG-160,Engineering,BZA-VSKP,track_defect,Low,74,0.45,1,54,1,True,2026-09-18 02:00:00,2026-09-18 06:00:00,41
REQ-00454,AST-SNT-127,Signal & Telecom,ALD-MGS,signal_fault,Medium,27,0.749,1,37,7,False,2026-09-19 02:00:00,2026-09-19 06:00:00,45
REQ-00455,AST-ENG-025,Engineering,HWH-BWN,track_defect,Medium,2,0.939,1,45,9,False,2026-09-12 22:00:00,2026-09-13 03:00:00,46
REQ-00456,AST-TRD-036,Traction Distribution,HWH-BWN,traction_fault,Low,74,0.634,1,164,5,False,2026-09-29 15:00:00,2026-09-29 18:00:00,46
REQ-00457,AST-TRD-165,Traction Distribution,BZA-VSKP,traction_fault,Low,41,0.65,1,158,3,False,2026-09-12 22:00:00,2026-09-13 02:00:00,41
REQ-00458,AST-SNT-055,Signal & Telecom,MAS-AJJ,signal_fault,Medium,33,0.91,1,38,5,False,2026-09-11 04:00:00,2026-09-11 06:00:00,44
REQ-00459,AST-SNT-113,Signal & Telecom,JP-AII,signal_fault,Low,9,0.615,1,46,6,False,2026-09-19 00:00:00,2026-09-19 03:00:00,35
REQ-00460,AST-SNT-175,Signal & Telecom,NGP-BSL,signal_fault,Medium,40,0.442,0,55,3,False,2026-10-02 11:00:00,2026-10-02 13:00:00,38
REQ-00461,AST-ENG-026,Engineering,HWH-BWN,track_defect,High,75,0.381,1,31,4,True,2026-09-17 02:00:00,2026-09-17 05:00:00,46
REQ-00462,AST-ENG-061,Engineering,PUNE-DD,track_defect,Medium,57,0.474,1,28,4,False,2026-09-12 02:00:00,2026-09-12 06:00:00,38
REQ-00463,AST-ENG-049,Engineering,MAS-AJJ,track_defect,Medium,69,0.275,1,40,0,False,2026-09-13 11:00:00,2026-09-13 13:00:00,44
REQ-00464,AST-SNT-151,Signal & Telecom,TVC-QLN,signal_fault,High,43,0.285,1,21,3,False,2026-09-10 00:00:00,2026-09-10 02:00:00,35
REQ-00465,AST-TRD-143,Traction Distribution,GHY-NJP,traction_fault,Medium,8,0.652,1,88,8,False,2026-09-20 04:00:00,2026-09-20 09:00:00,34
REQ-00466,AST-TRD-081,Traction Distribution,ADI-BRC,traction_fault,Low,77,0.616,1,151,2,True,2026-09-18 22:00:00,2026-09-19 00:00:00,42
REQ-00467,AST-SNT-151,Signal & Telecom,TVC-QLN,signal_fault,Low,4,0.291,0,45,3,True,2026-10-04 11:00:00,2026-10-04 14:00:00,35
REQ-00468,AST-TRD-156,Traction Distribution,TVC-QLN,traction_fault,Medium,64,0.818,0,169,5,False,2026-10-04 00:00:00,2026-10-04 04:00:00,35
REQ-00469,AST-ENG-049,Engineering,MAS-AJJ,track_defect,Medium,90,0.257,1,37,0,True,2026-09-10 02:00:00,2026-09-10 06:00:00,44
REQ-00470,AST-ENG-073,Engineering,ADI-BRC,track_defect,Low,51,0.827,1,51,6,False,2026-09-12 02:00:00,2026-09-12 04:00:00,42
REQ-00471,AST-ENG-112,Engineering,JP-AII,track_defect,Medium,47,0.756,0,53,7,False,2026-10-05 23:00:00,2026-10-06 01:00:00,35
REQ-00472,AST-TRD-130,Traction Distribution,ALD-MGS,traction_fault,Low,14,0.665,1,144,5,False,2026-09-12 22:00:00,2026-09-13 01:00:00,45
REQ-00473,AST-ENG-062,Engineering,PUNE-DD,track_defect,Low,63,0.346,1,44,0,False,2026-09-13 11:00:00,2026-09-13 16:00:00,38
REQ-00474,AST-TRD-143,Traction Distribution,GHY-NJP,traction_fault,Low,31,0.633,0,104,8,False,2026-10-06 13:00:00,2026-10-06 17:00:00,34
REQ-00475,AST-SNT-019,Signal & Telecom,CSMT-KYN,signal_fault,Low,52,0.645,1,31,6,False,2026-09-08 22:00:00,2026-09-09 03:00:00,48
REQ-00476,AST-ENG-064,Engineering,PUNE-DD,track_defect,Low,43,0.656,1,31,6,False,2026-09-07 22:00:00,2026-09-08 00:00:00,38
REQ-00477,AST-SNT-127,Signal & Telecom,ALD-MGS,signal_fault,Low,61,0.729,1,45,7,False,2026-09-27 23:00:00,2026-09-28 02:00:00,45
REQ-00478,AST-ENG-038,Engineering,SBC-JTJ,track_defect,High,40,0.682,1,41,5,False,2026-09-12 13:00:00,2026-09-12 15:00:00,38
REQ-00479,AST-ENG-016,Engineering,CSMT-KYN,track_defect,Low,74,0.864,1,45,5,True,2026-09-16 22:00:00,2026-09-17 03:00:00,48
REQ-00480,AST-ENG-123,Engineering,ALD-MGS,track_defect,Low,46,0.479,1,42,2,False,2026-09-15 02:00:00,2026-09-15 07:00:00,45
REQ-00481,AST-SNT-173,Signal & Telecom,NGP-BSL,signal_fault,Low,35,0.744,1,59,6,False,2026-09-19 15:00:00,2026-09-19 18:00:00,38
REQ-00482,AST-SNT-053,Signal & Telecom,MAS-AJJ,signal_fault,High,44,0.497,1,49,4,False,2026-09-21 23:00:00,2026-09-22 03:00:00,44
REQ-00483,AST-SNT-054,Signal & Telecom,MAS-AJJ,signal_fault,Low,49,0.478,1,34,2,True,2026-09-25 00:00:00,2026-09-25 03:00:00,44
REQ-00484,AST-ENG-123,Engineering,ALD-MGS,track_defect,Low,4,0.542,1,37,2,False,2026-09-10 02:00:00,2026-09-10 06:00:00,45
REQ-00485,AST-SNT-079,Signal & Telecom,ADI-BRC,signal_fault,Low,75,0.385,0,52,2,False,2026-10-01 11:00:00,2026-10-01 13:00:00,42
REQ-00486,AST-TRD-165,Traction Distribution,BZA-VSKP,traction_fault,Low,47,0.634,1,169,3,False,2026-09-23 22:00:00,2026-09-24 03:00:00,41
REQ-00487,AST-TRD-048,Traction Distribution,SBC-JTJ,traction_fault,High,46,0.701,1,95,5,False,2026-09-22 13:00:00,2026-09-22 15:00:00,38
REQ-00488,AST-SNT-163,Signal & Telecom,BZA-VSKP,signal_fault,Low,58,0.286,1,36,3,True,2026-09-29 00:00:00,2026-09-29 03:00:00,41
REQ-00489,AST-TRD-153,Traction Distribution,TVC-QLN,traction_fault,Medium,17,0.505,1,114,4,False,2026-09-21 04:00:00,2026-09-21 07:00:00,35
REQ-00490,AST-TRD-156,Traction Distribution,TVC-QLN,traction_fault,Low,36,0.858,1,148,5,False,2026-09-13 04:00:00,2026-09-13 06:00:00,35
REQ-00491,AST-TRD-132,Traction Distribution,ALD-MGS,traction_fault,Medium,72,0.797,1,153,7,False,2026-09-20 11:00:00,2026-09-20 14:00:00,45
REQ-00492,AST-ENG-049,Engineering,MAS-AJJ,track_defect,Medium,64,0.279,1,44,0,False,2026-09-17 02:00:00,2026-09-17 04:00:00,44
REQ-00493,AST-TRD-082,Traction Distribution,ADI-BRC,traction_fault,Low,2,0.422,1,128,1,False,2026-09-24 15:00:00,2026-09-24 19:00:00,42
REQ-00494,AST-TRD-179,Traction Distribution,NGP-BSL,traction_fault,High,68,0.712,0,135,8,False,2026-10-04 00:00:00,2026-10-04 05:00:00,38
REQ-00495,AST-SNT-030,Signal & Telecom,HWH-BWN,signal_fault,Low,6,0.326,1,17,1,False,2026-09-11 02:00:00,2026-09-11 04:00:00,46
REQ-00496,AST-TRD-023,Traction Distribution,CSMT-KYN,traction_fault,High,69,0.811,0,148,6,False,2026-10-02 13:00:00,2026-10-02 17:00:00,48
REQ-00497,AST-ENG-049,Engineering,MAS-AJJ,track_defect,Low,37,0.244,1,46,0,False,2026-09-19 23:00:00,2026-09-20 04:00:00,44
REQ-00498,AST-ENG-050,Engineering,MAS-AJJ,track_defect,High,10,0.417,1,56,2,False,2026-09-19 04:00:00,2026-09-19 09:00:00,44
REQ-00499,AST-SNT-173,Signal & Telecom,NGP-BSL,signal_fault,Medium,25,0.704,0,75,6,False,2026-10-05 15:00:00,2026-10-05 18:00:00,38
REQ-00500,AST-ENG-087,Engineering,LKO-CNB,track_defect,Medium,12,0.446,0,45,3,False,2026-10-06 13:00:00,2026-10-06 17:00:00,40
REQ-00501,AST-ENG-157,Engineering,BZA-VSKP,track_defect,Medium,71,0.468,0,52,2,False,2026-10-02 13:00:00,2026-10-02 17:00:00,41
REQ-00502,AST-TRD-096,Traction Distribution,LKO-CNB,traction_fault,Low,59,0.381,0,120,2,False,2026-10-04 02:00:00,2026-10-04 05:00:00,40
REQ-00503,AST-TRD-144,Traction Distribution,GHY-NJP,traction_fault,Low,46,0.375,1,132,2,False,2026-09-21 15:00:00,2026-09-21 19:00:00,34
REQ-00504,AST-ENG-111,Engineering,JP-AII,track_defect,Low,0,0.478,1,66,4,False,2026-09-27 02:00:00,2026-09-27 05:00:00,35
REQ-00505,AST-SNT-175,Signal & Telecom,NGP-BSL,signal_fault,Low,38,0.424,0,56,3,False,2026-10-03 22:00:00,2026-10-04 03:00:00,38
REQ-00506,AST-SNT-164,Signal & Telecom,BZA-VSKP,signal_fault,Medium,72,0.568,1,49,3,False,2026-09-18 00:00:00,2026-09-18 03:00:00,41
REQ-00507,AST-TRD-142,Traction Distribution,GHY-NJP,traction_fault,High,32,0.369,1,115,3,False,2026-09-23 22:00:00,2026-09-24 01:00:00,34
REQ-00508,AST-SNT-102,Signal & Telecom,BPL-ET,signal_fault,Low,67,0.516,0,55,3,True,2026-10-05 00:00:00,2026-10-05 03:00:00,41
REQ-00509,AST-ENG-158,Engineering,BZA-VSKP,track_defect,Medium,59,0.341,1,21,2,False,2026-09-13 00:00:00,2026-09-13 03:00:00,41
REQ-00510,AST-TRD-012,Traction Distribution,NDLS-GZB,traction_fault,Low,63,0.893,0,181,6,False,2026-10-06 15:00:00,2026-10-06 18:00:00,48
REQ-00511,AST-SNT-161,Signal & Telecom,BZA-VSKP,signal_fault,Low,58,0.449,1,56,2,True,2026-09-21 22:00:00,2026-09-22 00:00:00,41
REQ-00512,AST-ENG-040,Engineering,SBC-JTJ,track_defect,Medium,83,0.385,1,58,1,True,2026-09-18 23:00:00,2026-09-19 04:00:00,38
REQ-00513,AST-SNT-164,Signal & Telecom,BZA-VSKP,signal_fault,Low,68,0.577,1,53,3,False,2026-09-22 15:00:00,2026-09-22 19:00:00,41
REQ-00514,AST-ENG-170,Engineering,NGP-BSL,track_defect,Low,53,0.338,1,48,2,False,2026-09-15 02:00:00,2026-09-15 06:00:00,38
REQ-00515,AST-TRD-012,Traction Distribution,NDLS-GZB,traction_fault,Low,1,0.931,1,157,6,False,2026-09-12 11:00:00,2026-09-12 14:00:00,48
REQ-00516,AST-TRD-132,Traction Distribution,ALD-MGS,traction_fault,Low,49,0.765,1,146,7,False,2026-09-13 13:00:00,2026-09-13 18:00:00,45
REQ-00517,AST-SNT-164,Signal & Telecom,BZA-VSKP,signal_fault,Low,42,0.652,0,62,3,False,2026-10-01 00:00:00,2026-10-01 05:00:00,41
REQ-00518,AST-SNT-126,Signal & Telecom,ALD-MGS,signal_fault,Medium,0,0.414,1,22,4,True,2026-09-12 00:00:00,2026-09-12 03:00:00,45
REQ-00519,AST-TRD-156,Traction Distribution,TVC-QLN,traction_fault,Medium,70,0.906,1,151,5,False,2026-09-16 13:00:00,2026-09-16 18:00:00,35
REQ-00520,AST-SNT-163,Signal & Telecom,BZA-VSKP,signal_fault,Medium,0,0.296,1,25,3,False,2026-09-18 23:00:00,2026-09-19 03:00:00,41
REQ-00521,AST-SNT-056,Signal & Telecom,MAS-AJJ,signal_fault,Low,67,0.562,1,68,4,False,2026-09-28 22:00:00,2026-09-29 00:00:00,44
REQ-00522,AST-ENG-123,Engineering,ALD-MGS,track_defect,Low,60,0.491,0,60,2,False,2026-10-03 15:00:00,2026-10-03 19:00:00,45
REQ-00523,AST-ENG-015,Engineering,CSMT-KYN,track_defect,Low,50,0.664,1,34,5,False,2026-09-22 02:00:00,2026-09-22 06:00:00,48
REQ-00524,AST-TRD-129,Traction Distribution,ALD-MGS,traction_fault,Medium,16,0.64,1,96,5,False,2026-09-17 13:00:00,2026-09-17 17:00:00,45
REQ-00525,AST-SNT-174,Signal & Telecom,NGP-BSL,signal_fault,Medium,26,0.559,1,50,4,False,2026-09-27 13:00:00,2026-09-27 16:00:00,38
REQ-00526,AST-SNT-149,Signal & Telecom,TVC-QLN,signal_fault,Low,15,0.605,1,28,7,False,2026-09-14 00:00:00,2026-09-14 05:00:00,35
REQ-00527,AST-ENG-124,Engineering,ALD-MGS,track_defect,Low,63,0.514,1,36,2,False,2026-09-11 00:00:00,2026-09-11 05:00:00,45
REQ-00528,AST-ENG-049,Engineering,MAS-AJJ,track_defect,Low,78,0.279,0,63,0,True,2026-10-06 22:00:00,2026-10-07 03:00:00,44
REQ-00529,AST-ENG-003,Engineering,NDLS-GZB,track_defect,Low,15,0.321,1,33,1,False,2026-09-25 11:00:00,2026-09-25 15:00:00,48
REQ-00530,AST-SNT-043,Signal & Telecom,SBC-JTJ,signal_fault,Low,27,0.778,1,46,7,False,2026-09-28 23:00:00,2026-09-29 03:00:00,38
REQ-00531,AST-ENG-159,Engineering,BZA-VSKP,track_defect,Low,0,0.308,1,19,4,False,2026-09-12 04:00:00,2026-09-12 08:00:00,41
REQ-00532,AST-TRD-033,Traction Distribution,HWH-BWN,traction_fault,Low,80,0.682,1,129,6,False,2026-09-30 13:00:00,2026-09-30 16:00:00,46
REQ-00533,AST-SNT-174,Signal & Telecom,NGP-BSL,signal_fault,Low,42,0.58,1,40,4,True,2026-09-17 02:00:00,2026-09-17 05:00:00,38
REQ-00534,AST-SNT-140,Signal & Telecom,GHY-NJP,signal_fault,Medium,13,0.524,0,49,3,False,2026-10-04 13:00:00,2026-10-04 18:00:00,34
REQ-00535,AST-ENG-062,Engineering,PUNE-DD,track_defect,High,35,0.322,1,49,0,False,2026-09-18 13:00:00,2026-09-18 17:00:00,38
REQ-00536,AST-TRD-024,Traction Distribution,CSMT-KYN,traction_fault,Low,83,0.526,1,119,5,False,2026-09-22 00:00:00,2026-09-22 02:00:00,48
REQ-00537,AST-SNT-041,Signal & Telecom,SBC-JTJ,signal_fault,Low,54,0.423,1,39,3,False,2026-09-23 02:00:00,2026-09-23 07:00:00,38
REQ-00538,AST-TRD-083,Traction Distribution,ADI-BRC,traction_fault,Low,19,0.409,1,107,1,False,2026-09-08 04:00:00,2026-09-08 07:00:00,42
REQ-00539,AST-TRD-070,Traction Distribution,PUNE-DD,traction_fault,High,64,0.348,1,116,3,False,2026-09-20 23:00:00,2026-09-21 02:00:00,38
REQ-00540,AST-SNT-138,Signal & Telecom,GHY-NJP,signal_fault,Low,32,0.381,1,33,3,False,2026-09-12 02:00:00,2026-09-12 07:00:00,34
REQ-00541,AST-SNT-032,Signal & Telecom,HWH-BWN,signal_fault,Low,3,0.642,1,33,6,True,2026-09-17 00:00:00,2026-09-17 02:00:00,46
REQ-00542,AST-TRD-046,Traction Distribution,SBC-JTJ,traction_fault,Medium,57,0.452,0,99,5,False,2026-10-01 04:00:00,2026-10-01 07:00:00,38
REQ-00543,AST-ENG-145,Engineering,TVC-QLN,track_defect,Medium,23,0.752,0,71,7,False,2026-10-01 02:00:00,2026-10-01 05:00:00,35
REQ-00544,AST-ENG-121,Engineering,ALD-MGS,track_defect,Medium,58,0.65,1,58,4,False,2026-09-20 22:00:00,2026-09-21 03:00:00,45
REQ-00545,AST-ENG-073,Engineering,ADI-BRC,track_defect,Low,44,0.866,1,46,6,False,2026-09-07 00:00:00,2026-09-07 03:00:00,42
REQ-00546,AST-TRD-009,Traction Distribution,NDLS-GZB,traction_fault,Low,17,0.312,0,146,2,False,2026-10-05 15:00:00,2026-10-05 18:00:00,48
REQ-00547,AST-ENG-001,Engineering,NDLS-GZB,track_defect,Low,17,0.312,1,50,1,False,2026-09-27 11:00:00,2026-09-27 14:00:00,48
REQ-00548,AST-TRD-071,Traction Distribution,PUNE-DD,traction_fault,Medium,22,0.723,1,113,8,False,2026-09-16 04:00:00,2026-09-16 06:00:00,38
REQ-00549,AST-ENG-110,Engineering,JP-AII,track_defect,Low,1,0.302,1,38,0,False,2026-09-16 04:00:00,2026-09-16 06:00:00,35
REQ-00550,AST-SNT-056,Signal & Telecom,MAS-AJJ,signal_fault,Low,39,0.604,1,56,4,False,2026-09-16 23:00:00,2026-09-17 03:00:00,44
REQ-00551,AST-TRD-132,Traction Distribution,ALD-MGS,traction_fault,High,30,0.75,1,144,7,False,2026-09-11 15:00:00,2026-09-11 20:00:00,45
REQ-00552,AST-TRD-045,Traction Distribution,SBC-JTJ,traction_fault,Low,67,0.363,1,93,2,True,2026-09-12 22:00:00,2026-09-13 00:00:00,38
REQ-00553,AST-SNT-139,Signal & Telecom,GHY-NJP,signal_fault,Medium,36,0.594,1,22,4,True,2026-09-11 11:00:00,2026-09-11 13:00:00,34
REQ-00554,AST-TRD-035,Traction Distribution,HWH-BWN,traction_fault,Medium,47,0.779,1,153,4,False,2026-09-10 15:00:00,2026-09-10 17:00:00,46
REQ-00555,AST-SNT-125,Signal & Telecom,ALD-MGS,signal_fault,Low,54,0.191,1,22,0,True,2026-09-15 00:00:00,2026-09-15 02:00:00,45
REQ-00556,AST-ENG-122,Engineering,ALD-MGS,track_defect,Medium,0,0.5,0,49,2,False,2026-10-03 00:00:00,2026-10-03 02:00:00,45
REQ-00557,AST-SNT-079,Signal & Telecom,ADI-BRC,signal_fault,Low,81,0.356,1,42,2,False,2026-09-21 22:00:00,2026-09-22 00:00:00,42
REQ-00558,AST-ENG-087,Engineering,LKO-CNB,track_defect,Low,14,0.514,1,38,3,False,2026-09-29 04:00:00,2026-09-29 07:00:00,40
REQ-00559,AST-SNT-125,Signal & Telecom,ALD-MGS,signal_fault,Low,30,0.191,1,14,0,True,2026-09-07 13:00:00,2026-09-07 18:00:00,45
REQ-00560,AST-ENG-123,Engineering,ALD-MGS,track_defect,Low,36,0.503,1,50,2,False,2026-09-23 13:00:00,2026-09-23 16:00:00,45
REQ-00561,AST-SNT-174,Signal & Telecom,NGP-BSL,signal_fault,Medium,8,0.555,1,33,4,False,2026-09-10 02:00:00,2026-09-10 06:00:00,38
REQ-00562,AST-SNT-019,Signal & Telecom,CSMT-KYN,signal_fault,Low,6,0.708,1,45,6,False,2026-09-22 11:00:00,2026-09-22 14:00:00,48
REQ-00563,AST-ENG-158,Engineering,BZA-VSKP,track_defect,Low,42,0.408,1,31,2,False,2026-09-23 11:00:00,2026-09-23 15:00:00,41
REQ-00564,AST-SNT-055,Signal & Telecom,MAS-AJJ,signal_fault,Medium,66,0.906,1,39,5,False,2026-09-12 00:00:00,2026-09-12 05:00:00,44
REQ-00565,AST-ENG-133,Engineering,GHY-NJP,track_defect,Low,20,0.712,0,74,6,False,2026-10-06 23:00:00,2026-10-07 03:00:00,34
REQ-00566,AST-TRD-009,Traction Distribution,NDLS-GZB,traction_fault,Medium,33,0.394,1,139,2,False,2026-09-28 02:00:00,2026-09-28 04:00:00,48
REQ-00567,AST-ENG-123,Engineering,ALD-MGS,track_defect,Low,15,0.539,1,49,2,False,2026-09-22 04:00:00,2026-09-22 06:00:00,45
REQ-00568,AST-TRD-021,Traction Distribution,CSMT-KYN,traction_fault,High,72,0.692,1,136,5,False,2026-09-30 02:00:00,2026-09-30 06:00:00,48
REQ-00569,AST-ENG-086,Engineering,LKO-CNB,track_defect,Medium,59,0.541,1,38,6,False,2026-09-16 13:00:00,2026-09-16 18:00:00,40
REQ-00570,AST-SNT-161,Signal & Telecom,BZA-VSKP,signal_fault,Medium,16,0.417,1,47,2,True,2026-09-12 00:00:00,2026-09-12 04:00:00,41
REQ-00571,AST-SNT-128,Signal & Telecom,ALD-MGS,signal_fault,High,9,0.325,1,32,1,False,2026-09-17 22:00:00,2026-09-18 00:00:00,45
REQ-00572,AST-TRD-153,Traction Distribution,TVC-QLN,traction_fault,Low,56,0.493,0,128,4,False,2026-10-05 00:00:00,2026-10-05 02:00:00,35
REQ-00573,AST-SNT-127,Signal & Telecom,ALD-MGS,signal_fault,Low,6,0.755,1,45,7,False,2026-09-27 04:00:00,2026-09-27 08:00:00,45
REQ-00574,AST-TRD-093,Traction Distribution,LKO-CNB,traction_fault,Low,2,0.352,1,138,1,False,2026-09-26 13:00:00,2026-09-26 15:00:00,40
REQ-00575,AST-TRD-070,Traction Distribution,PUNE-DD,traction_fault,Low,73,0.356,1,108,3,False,2026-09-12 02:00:00,2026-09-12 07:00:00,38
REQ-00576,AST-ENG-086,Engineering,LKO-CNB,track_defect,High,6,0.616,1,37,6,False,2026-09-15 22:00:00,2026-09-16 03:00:00,40
REQ-00577,AST-ENG-122,Engineering,ALD-MGS,track_defect,Medium,48,0.444,0,51,2,False,2026-10-05 04:00:00,2026-10-05 06:00:00,45
REQ-00578,AST-ENG-135,Engineering,GHY-NJP,track_defect,Low,11,0.51,1,42,3,False,2026-09-08 04:00:00,2026-09-08 06:00:00,34
REQ-00579,AST-ENG-110,Engineering,JP-AII,track_defect,Low,74,0.281,1,44,0,False,2026-09-22 23:00:00,2026-09-23 02:00:00,35
REQ-00580,AST-SNT-150,Signal & Telecom,TVC-QLN,signal_fault,Low,62,0.686,1,49,7,False,2026-09-18 00:00:00,2026-09-18 03:00:00,35
REQ-00581,AST-ENG-088,Engineering,LKO-CNB,track_defect,Medium,73,0.323,1,18,2,False,2026-09-10 22:00:00,2026-09-11 03:00:00,40
REQ-00582,AST-ENG-049,Engineering,MAS-AJJ,track_defect,Medium,2,0.31,1,54,0,False,2026-09-27 15:00:00,2026-09-27 17:00:00,44
REQ-00583,AST-TRD-132,Traction Distribution,ALD-MGS,traction_fault,Low,49,0.766,1,156,7,False,2026-09-23 11:00:00,2026-09-23 15:00:00,45
REQ-00584,AST-SNT-137,Signal & Telecom,GHY-NJP,signal_fault,Medium,54,0.411,1,52,3,True,2026-09-29 02:00:00,2026-09-29 07:00:00,34
REQ-00585,AST-SNT-044,Signal & Telecom,SBC-JTJ,signal_fault,Low,9,0.775,1,51,7,False,2026-09-22 15:00:00,2026-09-22 20:00:00,38
REQ-00586,AST-SNT-161,Signal & Telecom,BZA-VSKP,signal_fault,Low,17,0.445,1,59,2,False,2026-09-24 00:00:00,2026-09-24 02:00:00,41
REQ-00587,AST-TRD-035,Traction Distribution,HWH-BWN,traction_fault,Medium,52,0.828,1,166,4,False,2026-09-23 23:00:00,2026-09-24 04:00:00,46
REQ-00588,AST-TRD-021,Traction Distribution,CSMT-KYN,traction_fault,Medium,16,0.652,0,137,5,False,2026-10-01 23:00:00,2026-10-02 03:00:00,48
REQ-00589,AST-TRD-058,Traction Distribution,MAS-AJJ,traction_fault,Low,72,0.619,1,83,6,True,2026-09-08 11:00:00,2026-09-08 16:00:00,44
REQ-00590,AST-SNT-044,Signal & Telecom,SBC-JTJ,signal_fault,Low,21,0.84,1,38,7,True,2026-09-09 23:00:00,2026-09-10 04:00:00,38
REQ-00591,AST-ENG-085,Engineering,LKO-CNB,track_defect,Low,0,0.71,1,28,6,False,2026-09-09 23:00:00,2026-09-10 04:00:00,40
REQ-00592,AST-SNT-092,Signal & Telecom,LKO-CNB,signal_fault,Low,2,0.567,1,45,5,False,2026-09-30 00:00:00,2026-09-30 02:00:00,40
REQ-00593,AST-ENG-003,Engineering,NDLS-GZB,track_defect,Medium,3,0.327,1,32,1,False,2026-09-24 00:00:00,2026-09-24 02:00:00,48
REQ-00594,AST-TRD-120,Traction Distribution,JP-AII,traction_fault,Low,21,0.666,1,152,5,False,2026-09-27 13:00:00,2026-09-27 16:00:00,35
REQ-00595,AST-ENG-086,Engineering,LKO-CNB,track_defect,High,18,0.618,1,39,6,False,2026-09-17 15:00:00,2026-09-17 17:00:00,40
REQ-00596,AST-SNT-163,Signal & Telecom,BZA-VSKP,signal_fault,Low,23,0.346,1,28,3,True,2026-09-21 15:00:00,2026-09-21 20:00:00,41
REQ-00597,AST-SNT-068,Signal & Telecom,PUNE-DD,signal_fault,Medium,68,0.735,1,67,7,False,2026-09-29 23:00:00,2026-09-30 01:00:00,38
REQ-00598,AST-ENG-123,Engineering,ALD-MGS,track_defect,Low,55,0.497,1,41,2,False,2026-09-14 00:00:00,2026-09-14 04:00:00,45
REQ-00599,AST-SNT-125,Signal & Telecom,ALD-MGS,signal_fault,Low,40,0.195,0,39,0,False,2026-10-02 13:00:00,2026-10-02 17:00:00,45
REQ-00600,AST-ENG-003,Engineering,NDLS-GZB,track_defect,Low,3,0.262,0,43,1,False,2026-10-05 04:00:00,2026-10-05 09:00:00,48
REQ-00601,AST-ENG-134,Engineering,GHY-NJP,track_defect,Low,15,0.467,1,64,2,False,2026-09-30 22:00:00,2026-10-01 00:00:00,34
REQ-00602,AST-SNT-041,Signal & Telecom,SBC-JTJ,signal_fault,Low,38,0.392,1,29,3,False,2026-09-13 02:00:00,2026-09-13 07:00:00,38
REQ-00603,AST-SNT-161,Signal & Telecom,BZA-VSKP,signal_fault,Medium,48,0.392,0,67,2,False,2026-10-02 11:00:00,2026-10-02 15:00:00,41
REQ-00604,AST-SNT-079,Signal & Telecom,ADI-BRC,signal_fault,Medium,47,0.347,1,29,2,False,2026-09-08 02:00:00,2026-09-08 07:00:00,42
REQ-00605,AST-ENG-110,Engineering,JP-AII,track_defect,Low,47,0.22,1,45,0,False,2026-09-23 04:00:00,2026-09-23 09:00:00,35
REQ-00606,AST-ENG-136,Engineering,GHY-NJP,track_defect,Low,56,0.781,1,31,8,False,2026-09-08 22:00:00,2026-09-09 03:00:00,34
REQ-00607,AST-ENG-146,Engineering,TVC-QLN,track_defect,Medium,65,0.647,0,56,6,False,2026-10-06 04:00:00,2026-10-06 07:00:00,35
REQ-00608,AST-TRD-033,Traction Distribution,HWH-BWN,traction_fault,Low,35,0.637,1,109,6,False,2026-09-10 22:00:00,2026-09-11 02:00:00,46
REQ-00609,AST-SNT-077,Signal & Telecom,ADI-BRC,signal_fault,Low,23,0.388,1,32,2,True,2026-09-20 11:00:00,2026-09-20 15:00:00,42
REQ-00610,AST-ENG-062,Engineering,PUNE-DD,track_defect,Low,61,0.29,1,47,0,False,2026-09-16 23:00:00,2026-09-17 02:00:00,38
REQ-00611,AST-SNT-115,Signal & Telecom,JP-AII,signal_fault,Low,6,0.836,1,61,6,False,2026-09-29 13:00:00,2026-09-29 17:00:00,35
REQ-00612,AST-SNT-176,Signal & Telecom,NGP-BSL,signal_fault,Low,33,0.677,1,54,5,False,2026-09-24 11:00:00,2026-09-24 14:00:00,38
REQ-00613,AST-SNT-138,Signal & Telecom,GHY-NJP,signal_fault,Low,42,0.446,1,37,3,False,2026-09-16 15:00:00,2026-09-16 18:00:00,34
REQ-00614,AST-ENG-122,Engineering,ALD-MGS,track_defect,Medium,39,0.507,1,28,2,False,2026-09-12 15:00:00,2026-09-12 17:00:00,45
REQ-00615,AST-SNT-104,Signal & Telecom,BPL-ET,signal_fault,Low,74,0.399,1,45,2,False,2026-09-22 22:00:00,2026-09-23 02:00:00,41
REQ-00616,AST-SNT-080,Signal & Telecom,ADI-BRC,signal_fault,Low,50,0.735,0,72,5,False,2026-10-02 00:00:00,2026-10-02 02:00:00,42
REQ-00617,AST-TRD-034,Traction Distribution,HWH-BWN,traction_fault,Low,74,0.441,1,87,3,False,2026-09-08 00:00:00,2026-09-08 03:00:00,46
REQ-00618,AST-TRD-155,Traction Distribution,TVC-QLN,traction_fault,Low,2,0.529,1,110,3,False,2026-09-12 13:00:00,2026-09-12 17:00:00,35
REQ-00619,AST-SNT-008,Signal & Telecom,NDLS-GZB,signal_fault,Medium,68,0.452,1,56,1,False,2026-09-29 13:00:00,2026-09-29 16:00:00,48
REQ-00620,AST-TRD-011,Traction Distribution,NDLS-GZB,traction_fault,Low,4,0.646,1,94,6,False,2026-09-18 23:00:00,2026-09-19 01:00:00,48
REQ-00621,AST-TRD-132,Traction Distribution,ALD-MGS,traction_fault,Medium,27,0.738,1,163,7,False,2026-09-30 11:00:00,2026-09-30 16:00:00,45
REQ-00622,AST-SNT-151,Signal & Telecom,TVC-QLN,signal_fault,Low,32,0.339,0,43,3,False,2026-10-02 13:00:00,2026-10-02 15:00:00,35
REQ-00623,AST-ENG-073,Engineering,ADI-BRC,track_defect,Low,36,0.794,1,59,6,False,2026-09-20 15:00:00,2026-09-20 17:00:00,42
REQ-00624,AST-ENG-049,Engineering,MAS-AJJ,track_defect,Low,47,0.331,1,40,0,False,2026-09-13 23:00:00,2026-09-14 02:00:00,44
REQ-00625,AST-SNT-138,Signal & Telecom,GHY-NJP,signal_fault,High,69,0.426,1,50,3,False,2026-09-29 15:00:00,2026-09-29 18:00:00,34
REQ-00626,AST-ENG-037,Engineering,SBC-JTJ,track_defect,Medium,71,0.809,1,42,7,False,2026-09-16 23:00:00,2026-09-17 02:00:00,38
REQ-00627,AST-TRD-021,Traction Distribution,CSMT-KYN,traction_fault,Low,30,0.666,1,118,5,False,2026-09-12 04:00:00,2026-09-12 06:00:00,48
REQ-00628,AST-SNT-080,Signal & Telecom,ADI-BRC,signal_fault,Low,33,0.748,1,55,5,False,2026-09-15 13:00:00,2026-09-15 16:00:00,42
REQ-00629,AST-ENG-159,Engineering,BZA-VSKP,track_defect,Low,46,0.345,1,22,4,False,2026-09-15 00:00:00,2026-09-15 04:00:00,41
REQ-00630,AST-ENG-172,Engineering,NGP-BSL,track_defect,Low,42,0.942,1,50,7,False,2026-09-11 00:00:00,2026-09-11 03:00:00,38
REQ-00631,AST-SNT-115,Signal & Telecom,JP-AII,signal_fault,Low,60,0.844,1,40,6,True,2026-09-08 13:00:00,2026-09-08 18:00:00,35
REQ-00632,AST-TRD-108,Traction Distribution,BPL-ET,traction_fault,Low,54,0.648,1,124,5,False,2026-09-18 02:00:00,2026-09-18 06:00:00,41
REQ-00633,AST-SNT-032,Signal & Telecom,HWH-BWN,signal_fault,Low,39,0.639,1,39,6,False,2026-09-23 02:00:00,2026-09-23 05:00:00,46
REQ-00634,AST-SNT-103,Signal & Telecom,BPL-ET,signal_fault,High,49,0.485,1,50,3,False,2026-09-19 02:00:00,2026-09-19 06:00:00,41
REQ-00635,AST-TRD-046,Traction Distribution,SBC-JTJ,traction_fault,Low,71,0.439,1,96,5,True,2026-09-28 15:00:00,2026-09-28 19:00:00,38
REQ-00636,AST-TRD-046,Traction Distribution,SBC-JTJ,traction_fault,Low,67,0.414,0,99,5,False,2026-10-01 23:00:00,2026-10-02 01:00:00,38
REQ-00637,AST-SNT-067,Signal & Telecom,PUNE-DD,signal_fault,Medium,18,0.327,1,47,0,False,2026-09-21 11:00:00,2026-09-21 14:00:00,38
REQ-00638,AST-SNT-128,Signal & Telecom,ALD-MGS,signal_fault,Low,22,0.408,0,50,1,False,2026-10-05 15:00:00,2026-10-05 20:00:00,45
REQ-00639,AST-SNT-020,Signal & Telecom,CSMT-KYN,signal_fault,Medium,75,0.432,1,28,3,True,2026-09-19 13:00:00,2026-09-19 17:00:00,48
REQ-00640,AST-TRD-106,Traction Distribution,BPL-ET,traction_fault,Low,55,0.291,0,132,1,False,2026-10-03 15:00:00,2026-10-03 20:00:00,41
REQ-00641,AST-TRD-059,Traction Distribution,MAS-AJJ,traction_fault,Medium,72,0.624,0,113,3,False,2026-10-05 11:00:00,2026-10-05 15:00:00,44
REQ-00642,AST-SNT-019,Signal & Telecom,CSMT-KYN,signal_fault,Low,48,0.651,1,35,6,True,2026-09-12 00:00:00,2026-09-12 02:00:00,48
REQ-00643,AST-ENG-121,Engineering,ALD-MGS,track_defect,Low,60,0.637,0,69,4,False,2026-10-01 11:00:00,2026-10-01 16:00:00,45
REQ-00644,AST-SNT-042,Signal & Telecom,SBC-JTJ,signal_fault,Medium,28,0.575,1,57,3,False,2026-09-24 22:00:00,2026-09-25 00:00:00,38
REQ-00645,AST-TRD-034,Traction Distribution,HWH-BWN,traction_fault,Low,55,0.418,1,86,3,False,2026-09-07 23:00:00,2026-09-08 03:00:00,46
REQ-00646,AST-ENG-013,Engineering,CSMT-KYN,track_defect,Low,71,0.744,1,18,4,False,2026-09-08 04:00:00,2026-09-08 08:00:00,48
REQ-00647,AST-SNT-113,Signal & Telecom,JP-AII,signal_fault,Low,70,0.596,0,60,6,False,2026-10-03 11:00:00,2026-10-03 15:00:00,35
REQ-00648,AST-ENG-085,Engineering,LKO-CNB,track_defect,Medium,39,0.71,1,46,6,False,2026-09-27 22:00:00,2026-09-28 03:00:00,40
REQ-00649,AST-TRD-081,Traction Distribution,ADI-BRC,traction_fault,Medium,2,0.597,1,161,2,False,2026-09-28 02:00:00,2026-09-28 04:00:00,42
REQ-00650,AST-SNT-116,Signal & Telecom,JP-AII,signal_fault,Low,15,0.435,1,23,3,False,2026-09-09 00:00:00,2026-09-09 02:00:00,35
REQ-00651,AST-ENG-097,Engineering,BPL-ET,track_defect,Low,39,0.304,1,27,2,False,2026-09-10 13:00:00,2026-09-10 17:00:00,41
REQ-00652,AST-TRD-059,Traction Distribution,MAS-AJJ,traction_fault,Medium,13,0.613,0,109,3,False,2026-10-01 23:00:00,2026-10-02 04:00:00,44
REQ-00653,AST-TRD-131,Traction Distribution,ALD-MGS,traction_fault,Medium,17,0.504,1,88,4,False,2026-09-07 23:00:00,2026-09-08 02:00:00,45
REQ-00654,AST-TRD-033,Traction Distribution,HWH-BWN,traction_fault,High,31,0.683,1,129,6,False,2026-09-30 22:00:00,2026-10-01 02:00:00,46
REQ-00655,AST-TRD-034,Traction Distribution,HWH-BWN,traction_fault,Low,76,0.469,1,95,3,False,2026-09-16 15:00:00,2026-09-16 17:00:00,46
REQ-00656,AST-SNT-104,Signal & Telecom,BPL-ET,signal_fault,Low,14,0.312,1,34,2,True,2026-09-11 02:00:00,2026-09-11 04:00:00,41
REQ-00657,AST-TRD-119,Traction Distribution,JP-AII,traction_fault,Medium,42,0.554,1,140,5,False,2026-09-19 02:00:00,2026-09-19 06:00:00,35
REQ-00658,AST-TRD-144,Traction Distribution,GHY-NJP,traction_fault,Medium,67,0.343,0,146,2,False,2026-10-05 15:00:00,2026-10-05 18:00:00,34
REQ-00659,AST-TRD-130,Traction Distribution,ALD-MGS,traction_fault,Low,7,0.678,0,166,5,False,2026-10-04 04:00:00,2026-10-04 07:00:00,45
REQ-00660,AST-ENG-112,Engineering,JP-AII,track_defect,Medium,62,0.724,0,51,7,False,2026-10-03 13:00:00,2026-10-03 16:00:00,35
REQ-00661,AST-SNT-127,Signal & Telecom,ALD-MGS,signal_fault,Low,5,0.783,0,50,7,True,2026-10-02 00:00:00,2026-10-02 05:00:00,45
REQ-00662,AST-SNT-017,Signal & Telecom,CSMT-KYN,signal_fault,High,22,0.251,1,39,0,False,2026-09-16 02:00:00,2026-09-16 06:00:00,48
REQ-00663,AST-SNT-139,Signal & Telecom,GHY-NJP,signal_fault,Low,48,0.571,1,36,4,False,2026-09-25 23:00:00,2026-09-26 03:00:00,34
REQ-00664,AST-ENG-123,Engineering,ALD-MGS,track_defect,Medium,11,0.49,1,54,2,False,2026-09-27 11:00:00,2026-09-27 13:00:00,45
REQ-00665,AST-TRD-021,Traction Distribution,CSMT-KYN,traction_fault,Low,48,0.677,0,141,5,False,2026-10-05 11:00:00,2026-10-05 15:00:00,48
REQ-00666,AST-SNT-066,Signal & Telecom,PUNE-DD,signal_fault,High,46,0.365,1,35,4,False,2026-09-26 13:00:00,2026-09-26 16:00:00,38
REQ-00667,AST-ENG-064,Engineering,PUNE-DD,track_defect,Low,76,0.644,0,56,6,True,2026-10-02 15:00:00,2026-10-02 20:00:00,38
REQ-00668,AST-TRD-069,Traction Distribution,PUNE-DD,traction_fault,Low,55,0.377,1,90,2,False,2026-09-14 11:00:00,2026-09-14 16:00:00,38
REQ-00669,AST-TRD-072,Traction Distribution,PUNE-DD,traction_fault,Low,72,0.706,1,87,7,True,2026-09-11 15:00:00,2026-09-11 20:00:00,38
REQ-00670,AST-SNT-067,Signal & Telecom,PUNE-DD,signal_fault,Medium,31,0.286,0,57,0,True,2026-10-01 13:00:00,2026-10-01 18:00:00,38
REQ-00671,AST-SNT-032,Signal & Telecom,HWH-BWN,signal_fault,Low,25,0.683,1,43,6,False,2026-09-27 02:00:00,2026-09-27 06:00:00,46
REQ-00672,AST-TRD-033,Traction Distribution,HWH-BWN,traction_fault,Medium,14,0.66,0,134,6,False,2026-10-05 11:00:00,2026-10-05 15:00:00,46
REQ-00673,AST-ENG-121,Engineering,ALD-MGS,track_defect,High,22,0.638,1,47,4,False,2026-09-09 02:00:00,2026-09-09 04:00:00,45
REQ-00674,AST-TRD-129,Traction Distribution,ALD-MGS,traction_fault,Low,28,0.665,1,86,5,False,2026-09-07 22:00:00,2026-09-08 01:00:00,45
REQ-00675,AST-SNT-104,Signal & Telecom,BPL-ET,signal_fault,Low,34,0.348,1,38,2,False,2026-09-15 23:00:00,2026-09-16 02:00:00,41
REQ-00676,AST-TRD-047,Traction Distribution,SBC-JTJ,traction_fault,Medium,63,0.678,0,129,4,False,2026-10-05 13:00:00,2026-10-05 16:00:00,38
REQ-00677,AST-SNT-101,Signal & Telecom,BPL-ET,signal_fault,Medium,33,0.496,1,37,3,False,2026-09-09 22:00:00,2026-09-10 02:00:00,41
REQ-00678,AST-SNT-127,Signal & Telecom,ALD-MGS,signal_fault,Medium,48,0.764,1,32,7,True,2026-09-14 04:00:00,2026-09-14 07:00:00,45
REQ-00679,AST-TRD-036,Traction Distribution,HWH-BWN,traction_fault,Low,81,0.661,1,160,5,False,2026-09-25 04:00:00,2026-09-25 09:00:00,46
REQ-00680,AST-SNT-007,Signal & Telecom,NDLS-GZB,signal_fault,Low,21,0.48,1,47,3,False,2026-09-14 23:00:00,2026-09-15 02:00:00,48
REQ-00681,AST-SNT-068,Signal & Telecom,PUNE-DD,signal_fault,Medium,42,0.777,1,52,7,False,2026-09-14 00:00:00,2026-09-14 03:00:00,38
REQ-00682,AST-SNT-151,Signal & Telecom,TVC-QLN,signal_fault,Medium,27,0.338,1,29,3,False,2026-09-18 22:00:00,2026-09-19 03:00:00,35
REQ-00683,AST-TRD-177,Traction Distribution,NGP-BSL,traction_fault,High,29,0.534,1,115,3,False,2026-09-08 00:00:00,2026-09-08 04:00:00,38
REQ-00684,AST-SNT-102,Signal & Telecom,BPL-ET,signal_fault,Medium,48,0.555,1,47,3,False,2026-09-27 13:00:00,2026-09-27 17:00:00,41
REQ-00685,AST-TRD-117,Traction Distribution,JP-AII,traction_fault,High,15,0.491,1,100,5,False,2026-09-12 22:00:00,2026-09-13 03:00:00,35
REQ-00686,AST-ENG-122,Engineering,ALD-MGS,track_defect,Medium,60,0.469,0,51,2,False,2026-10-05 02:00:00,2026-10-05 06:00:00,45
REQ-00687,AST-ENG-171,Engineering,NGP-BSL,track_defect,Medium,47,0.656,1,49,3,False,2026-09-14 22:00:00,2026-09-15 02:00:00,38
REQ-00688,AST-SNT-067,Signal & Telecom,PUNE-DD,signal_fault,High,46,0.281,1,48,0,False,2026-09-22 23:00:00,2026-09-23 01:00:00,38
REQ-00689,AST-TRD-033,Traction Distribution,HWH-BWN,traction_fault,High,49,0.595,1,120,6,False,2026-09-21 04:00:00,2026-09-21 07:00:00,46
REQ-00690,AST-SNT-126,Signal & Telecom,ALD-MGS,signal_fault,Low,20,0.408,1,25,4,False,2026-09-15 11:00:00,2026-09-15 14:00:00,45
REQ-00691,AST-SNT-068,Signal & Telecom,PUNE-DD,signal_fault,Low,33,0.766,1,64,7,True,2026-09-26 02:00:00,2026-09-26 05:00:00,38
REQ-00692,AST-TRD-070,Traction Distribution,PUNE-DD,traction_fault,Low,75,0.384,1,126,3,False,2026-09-30 02:00:00,2026-09-30 07:00:00,38
REQ-00693,AST-TRD-095,Traction Distribution,LKO-CNB,traction_fault,Medium,57,0.712,1,131,7,False,2026-09-13 04:00:00,2026-09-13 09:00:00,40
REQ-00694,AST-ENG-003,Engineering,NDLS-GZB,track_defect,Medium,27,0.311,1,19,1,False,2026-09-11 04:00:00,2026-09-11 07:00:00,48
REQ-00695,AST-TRD-011,Traction Distribution,NDLS-GZB,traction_fault,Medium,15,0.601,0,111,6,False,2026-10-05 04:00:00,2026-10-05 06:00:00,48
REQ-00696,AST-TRD-180,Traction Distribution,NGP-BSL,traction_fault,Low,16,0.418,1,88,2,False,2026-09-12 22:00:00,2026-09-13 00:00:00,38
REQ-00697,AST-SNT-139,Signal & Telecom,GHY-NJP,signal_fault,Low,31,0.557,1,39,4,True,2026-09-28 13:00:00,2026-09-28 15:00:00,34
REQ-00698,AST-SNT-115,Signal & Telecom,JP-AII,signal_fault,Medium,81,0.787,1,54,6,False,2026-09-22 23:00:00,2026-09-23 02:00:00,35
REQ-00699,AST-SNT-079,Signal & Telecom,ADI-BRC,signal_fault,Low,57,0.363,1,47,2,False,2026-09-26 04:00:00,2026-09-26 07:00:00,42
REQ-00700,AST-ENG-097,Engineering,BPL-ET,track_defect,Low,74,0.335,1,32,2,True,2026-09-15 04:00:00,2026-09-15 08:00:00,41
REQ-00701,AST-TRD-119,Traction Distribution,JP-AII,traction_fault,Low,31,0.571,1,146,5,False,2026-09-25 02:00:00,2026-09-25 05:00:00,35
REQ-00702,AST-ENG-025,Engineering,HWH-BWN,track_defect,Low,8,0.926,1,43,9,False,2026-09-10 00:00:00,2026-09-10 03:00:00,46
REQ-00703,AST-SNT-175,Signal & Telecom,NGP-BSL,signal_fault,Low,0,0.409,1,46,3,False,2026-09-23 22:00:00,2026-09-24 01:00:00,38
REQ-00704,AST-SNT-032,Signal & Telecom,HWH-BWN,signal_fault,Low,14,0.606,1,38,6,False,2026-09-22 00:00:00,2026-09-22 02:00:00,46
REQ-00705,AST-SNT-127,Signal & Telecom,ALD-MGS,signal_fault,Low,42,0.771,1,29,7,True,2026-09-11 00:00:00,2026-09-11 05:00:00,45
REQ-00706,AST-ENG-064,Engineering,PUNE-DD,track_defect,Medium,71,0.65,0,58,6,False,2026-10-04 00:00:00,2026-10-04 05:00:00,38
REQ-00707,AST-SNT-152,Signal & Telecom,TVC-QLN,signal_fault,Low,16,0.551,1,39,3,False,2026-09-22 22:00:00,2026-09-23 02:00:00,35
REQ-00708,AST-TRD-144,Traction Distribution,GHY-NJP,traction_fault,Low,59,0.315,0,147,2,False,2026-10-06 02:00:00,2026-10-06 07:00:00,34
REQ-00709,AST-TRD-095,Traction Distribution,LKO-CNB,traction_fault,Low,74,0.738,0,149,7,True,2026-10-01 11:00:00,2026-10-01 13:00:00,40
REQ-00710,AST-TRD-177,Traction Distribution,NGP-BSL,traction_fault,Low,73,0.543,1,131,3,True,2026-09-24 22:00:00,2026-09-25 02:00:00,38
REQ-00711,AST-TRD-142,Traction Distribution,GHY-NJP,traction_fault,Medium,57,0.343,1,122,3,False,2026-09-30 00:00:00,2026-09-30 02:00:00,34
REQ-00712,AST-TRD-081,Traction Distribution,ADI-BRC,traction_fault,Low,74,0.574,1,160,2,False,2026-09-27 11:00:00,2026-09-27 15:00:00,42
REQ-00713,AST-SNT-019,Signal & Telecom,CSMT-KYN,signal_fault,Medium,7,0.656,1,34,6,False,2026-09-11 22:00:00,2026-09-12 02:00:00,48
REQ-00714,AST-SNT-103,Signal & Telecom,BPL-ET,signal_fault,Low,4,0.562,1,51,3,True,2026-09-20 15:00:00,2026-09-20 19:00:00,41
REQ-00715,AST-SNT-078,Signal & Telecom,ADI-BRC,signal_fault,Medium,56,0.445,0,53,2,False,2026-10-01 11:00:00,2026-10-01 16:00:00,42
REQ-00716,AST-SNT-104,Signal & Telecom,BPL-ET,signal_fault,Medium,61,0.367,1,45,2,False,2026-09-22 04:00:00,2026-09-22 08:00:00,41
REQ-00717,AST-SNT-091,Signal & Telecom,LKO-CNB,signal_fault,Medium,48,0.42,1,30,4,False,2026-09-15 13:00:00,2026-09-15 17:00:00,40
REQ-00718,AST-TRD-082,Traction Distribution,ADI-BRC,traction_fault,Low,71,0.445,1,134,1,True,2026-09-30 04:00:00,2026-09-30 06:00:00,42
REQ-00719,AST-TRD-093,Traction Distribution,LKO-CNB,traction_fault,Low,28,0.336,0,144,1,False,2026-10-02 04:00:00,2026-10-02 06:00:00,40
REQ-00720,AST-ENG-074,Engineering,ADI-BRC,track_defect,High,42,0.306,0,58,1,False,2026-10-02 15:00:00,2026-10-02 17:00:00,42
REQ-00721,AST-ENG-121,Engineering,ALD-MGS,track_defect,Low,76,0.6,1,45,4,True,2026-09-07 02:00:00,2026-09-07 05:00:00,45
REQ-00722,AST-TRD-119,Traction Distribution,JP-AII,traction_fault,Low,57,0.559,1,141,5,False,2026-09-20 02:00:00,2026-09-20 04:00:00,35
REQ-00723,AST-SNT-068,Signal & Telecom,PUNE-DD,signal_fault,Low,12,0.818,1,47,7,False,2026-09-09 00:00:00,2026-09-09 05:00:00,38
REQ-00724,AST-TRD-082,Traction Distribution,ADI-BRC,traction_fault,High,64,0.465,1,130,1,False,2026-09-26 13:00:00,2026-09-26 15:00:00,42
REQ-00725,AST-ENG-157,Engineering,BZA-VSKP,track_defect,Medium,27,0.441,1,32,2,False,2026-09-12 23:00:00,2026-09-13 04:00:00,41
REQ-00726,AST-TRD-167,Traction Distribution,BZA-VSKP,traction_fault,Low,31,0.645,1,99,6,False,2026-09-28 13:00:00,2026-09-28 16:00:00,41
REQ-00727,AST-TRD-119,Traction Distribution,JP-AII,traction_fault,Low,72,0.6,1,144,5,True,2026-09-23 11:00:00,2026-09-23 14:00:00,35
REQ-00728,AST-ENG-064,Engineering,PUNE-DD,track_defect,Medium,57,0.636,1,38,6,False,2026-09-14 00:00:00,2026-09-14 03:00:00,38
REQ-00729,AST-SNT-054,Signal & Telecom,MAS-AJJ,signal_fault,Medium,18,0.47,0,40,2,False,2026-10-01 22:00:00,2026-10-02 02:00:00,44
REQ-00730,AST-TRD-082,Traction Distribution,ADI-BRC,traction_fault,Medium,43,0.444,1,129,1,False,2026-09-25 11:00:00,2026-09-25 13:00:00,42
REQ-00731,AST-SNT-017,Signal & Telecom,CSMT-KYN,signal_fault,Low,18,0.314,0,59,0,True,2026-10-06 02:00:00,2026-10-06 06:00:00,48
REQ-00732,AST-TRD-108,Traction Distribution,BPL-ET,traction_fault,Medium,33,0.691,0,142,5,False,2026-10-06 15:00:00,2026-10-06 19:00:00,41
REQ-00733,AST-ENG-050,Engineering,MAS-AJJ,track_defect,Low,73,0.506,1,51,2,True,2026-09-14 11:00:00,2026-09-14 16:00:00,44
REQ-00734,AST-TRD-117,Traction Distribution,JP-AII,traction_fault,Medium,58,0.495,1,95,5,False,2026-09-07 13:00:00,2026-09-07 16:00:00,35
REQ-00735,AST-TRD-023,Traction Distribution,CSMT-KYN,traction_fault,Medium,19,0.757,1,140,6,False,2026-09-24 02:00:00,2026-09-24 06:00:00,48
REQ-00736,AST-SNT-020,Signal & Telecom,CSMT-KYN,signal_fault,Medium,46,0.499,0,41,3,False,2026-10-02 13:00:00,2026-10-02 17:00:00,48
REQ-00737,AST-ENG-073,Engineering,ADI-BRC,track_defect,Medium,37,0.869,1,64,6,False,2026-09-25 23:00:00,2026-09-26 02:00:00,42
REQ-00738,AST-ENG-146,Engineering,TVC-QLN,track_defect,High,58,0.622,1,41,6,False,2026-09-21 23:00:00,2026-09-22 01:00:00,35
REQ-00739,AST-TRD-057,Traction Distribution,MAS-AJJ,traction_fault,Low,67,0.413,1,110,3,False,2026-09-09 22:00:00,2026-09-10 01:00:00,44
REQ-00740,AST-SNT-043,Signal & Telecom,SBC-JTJ,signal_fault,Low,66,0.823,0,50,7,False,2026-10-02 15:00:00,2026-10-02 20:00:00,38
REQ-00741,AST-SNT-102,Signal & Telecom,BPL-ET,signal_fault,Low,7,0.522,1,44,3,True,2026-09-24 00:00:00,2026-09-24 04:00:00,41
REQ-00742,AST-ENG-014,Engineering,CSMT-KYN,track_defect,Low,54,0.552,1,43,2,False,2026-09-19 15:00:00,2026-09-19 17:00:00,48
REQ-00743,AST-ENG-028,Engineering,HWH-BWN,track_defect,Medium,52,0.573,1,55,5,False,2026-09-22 15:00:00,2026-09-22 19:00:00,46
REQ-00744,AST-TRD-117,Traction Distribution,JP-AII,traction_fault,Low,75,0.504,1,103,5,True,2026-09-15 04:00:00,2026-09-15 07:00:00,35
REQ-00745,AST-SNT-041,Signal & Telecom,SBC-JTJ,signal_fault,Low,24,0.391,1,30,3,True,2026-09-14 11:00:00,2026-09-14 15:00:00,38
REQ-00746,AST-ENG-037,Engineering,SBC-JTJ,track_defect,Medium,19,0.727,0,59,7,False,2026-10-03 11:00:00,2026-10-03 15:00:00,38
REQ-00747,AST-SNT-019,Signal & Telecom,CSMT-KYN,signal_fault,Low,70,0.691,1,33,6,True,2026-09-10 02:00:00,2026-09-10 07:00:00,48
REQ-00748,AST-ENG-145,Engineering,TVC-QLN,track_defect,Low,40,0.728,0,74,7,False,2026-10-04 00:00:00,2026-10-04 05:00:00,35
REQ-00749,AST-ENG-061,Engineering,PUNE-DD,track_defect,High,74,0.447,1,38,4,False,2026-09-22 13:00:00,2026-09-22 18:00:00,38
REQ-00750,AST-ENG-145,Engineering,TVC-QLN,track_defect,Low,79,0.713,0,76,7,False,2026-10-06 13:00:00,2026-10-06 18:00:00,35
REQ-00751,AST-SNT-113,Signal & Telecom,JP-AII,signal_fault,Low,27,0.603,1,38,6,False,2026-09-11 00:00:00,2026-09-11 05:00:00,35
REQ-00752,AST-TRD-107,Traction Distribution,BPL-ET,traction_fault,Medium,67,0.443,1,78,2,False,2026-09-08 15:00:00,2026-09-08 20:00:00,41
REQ-00753,AST-ENG-146,Engineering,TVC-QLN,track_defect,Low,0,0.644,1,32,6,False,2026-09-12 23:00:00,2026-09-13 01:00:00,35
REQ-00754,AST-SNT-090,Signal & Telecom,LKO-CNB,signal_fault,Low,67,0.635,1,50,5,False,2026-09-17 00:00:00,2026-09-17 02:00:00,40
REQ-00755,AST-SNT-077,Signal & Telecom,ADI-BRC,signal_fault,Medium,44,0.384,1,37,2,False,2026-09-25 02:00:00,2026-09-25 06:00:00,42
REQ-00756,AST-SNT-164,Signal & Telecom,BZA-VSKP,signal_fault,Medium,51,0.585,1,46,3,True,2026-09-15 04:00:00,2026-09-15 08:00:00,41
REQ-00757,AST-TRD-095,Traction Distribution,LKO-CNB,traction_fault,Low,27,0.728,1,144,7,False,2026-09-26 15:00:00,2026-09-26 19:00:00,40
REQ-00758,AST-TRD-084,Traction Distribution,ADI-BRC,traction_fault,High,37,0.896,1,149,6,False,2026-09-13 22:00:00,2026-09-14 02:00:00,42
REQ-00759,AST-ENG-074,Engineering,ADI-BRC,track_defect,Medium,75,0.347,1,41,1,False,2026-09-15 23:00:00,2026-09-16 02:00:00,42
REQ-00760,AST-TRD-117,Traction Distribution,JP-AII,traction_fault,Low,56,0.526,1,116,5,False,2026-09-28 11:00:00,2026-09-28 13:00:00,35
REQ-00761,AST-TRD-156,Traction Distribution,TVC-QLN,traction_fault,Low,15,0.836,1,149,5,False,2026-09-14 22:00:00,2026-09-15 03:00:00,35
REQ-00762,AST-SNT-152,Signal & Telecom,TVC-QLN,signal_fault,Low,39,0.573,1,47,3,False,2026-09-30 04:00:00,2026-09-30 09:00:00,35
REQ-00763,AST-SNT-032,Signal & Telecom,HWH-BWN,signal_fault,Low,68,0.697,1,36,6,False,2026-09-20 23:00:00,2026-09-21 02:00:00,46
REQ-00764,AST-SNT-163,Signal & Telecom,BZA-VSKP,signal_fault,Medium,59,0.304,1,34,3,False,2026-09-27 15:00:00,2026-09-27 20:00:00,41
REQ-00765,AST-ENG-100,Engineering,BPL-ET,track_defect,Medium,23,0.596,0,54,4,False,2026-10-04 00:00:00,2026-10-04 05:00:00,41
REQ-00766,AST-ENG-027,Engineering,HWH-BWN,track_defect,Low,70,0.448,1,17,2,False,2026-09-08 11:00:00,2026-09-08 15:00:00,46
REQ-00767,AST-TRD-129,Traction Distribution,ALD-MGS,traction_fault,Medium,56,0.6,1,89,5,False,2026-09-10 23:00:00,2026-09-11 03:00:00,45
REQ-00768,AST-TRD-072,Traction Distribution,PUNE-DD,traction_fault,Low,11,0.662,1,100,7,False,2026-09-24 13:00:00,2026-09-24 17:00:00,38
REQ-00769,AST-ENG-016,Engineering,CSMT-KYN,track_defect,High,9,0.913,1,47,5,False,2026-09-18 11:00:00,2026-09-18 14:00:00,48
REQ-00770,AST-ENG-051,Engineering,MAS-AJJ,track_defect,Low,9,0.643,1,54,3,False,2026-09-18 15:00:00,2026-09-18 20:00:00,44
REQ-00771,AST-TRD-093,Traction Distribution,LKO-CNB,traction_fault,Low,89,0.376,0,147,1,True,2026-10-05 02:00:00,2026-10-05 07:00:00,40
REQ-00772,AST-SNT-090,Signal & Telecom,LKO-CNB,signal_fault,Low,78,0.632,1,60,5,False,2026-09-27 04:00:00,2026-09-27 07:00:00,40
REQ-00773,AST-ENG-172,Engineering,NGP-BSL,track_defect,Medium,70,0.934,1,56,7,False,2026-09-17 22:00:00,2026-09-18 03:00:00,38
REQ-00774,AST-ENG-013,Engineering,CSMT-KYN,track_defect,Low,65,0.711,1,19,4,False,2026-09-09 04:00:00,2026-09-09 08:00:00,48
REQ-00775,AST-TRD-069,Traction Distribution,PUNE-DD,traction_fault,Low,78,0.41,1,103,2,True,2026-09-27 13:00:00,2026-09-27 17:00:00,38
REQ-00776,AST-TRD-082,Traction Distribution,ADI-BRC,traction_fault,Medium,38,0.445,1,119,1,False,2026-09-15 23:00:00,2026-09-16 03:00:00,42
REQ-00777,AST-TRD-106,Traction Distribution,BPL-ET,traction_fault,Low,41,0.26,1,120,1,False,2026-09-21 22:00:00,2026-09-22 01:00:00,41
REQ-00778,AST-SNT-006,Signal & Telecom,NDLS-GZB,signal_fault,Low,65,0.525,1,34,2,False,2026-09-11 11:00:00,2026-09-11 15:00:00,48
REQ-00779,AST-SNT-137,Signal & Telecom,GHY-NJP,signal_fault,Low,36,0.362,1,53,3,True,2026-09-30 02:00:00,2026-09-30 05:00:00,34
REQ-00780,AST-ENG-015,Engineering,CSMT-KYN,track_defect,High,23,0.62,1,22,5,False,2026-09-10 02:00:00,2026-09-10 07:00:00,48
REQ-00781,AST-TRD-010,Traction Distribution,NDLS-GZB,traction_fault,Medium,22,0.566,0,102,5,False,2026-10-01 22:00:00,2026-10-02 00:00:00,48
REQ-00782,AST-ENG-112,Engineering,JP-AII,track_defect,High,75,0.744,1,29,7,False,2026-09-11 02:00:00,2026-09-11 07:00:00,35
REQ-00783,AST-ENG-040,Engineering,SBC-JTJ,track_defect,Low,67,0.43,1,70,1,False,2026-09-30 13:00:00,2026-09-30 18:00:00,38
REQ-00784,AST-SNT-029,Signal & Telecom,HWH-BWN,signal_fault,Medium,34,0.567,1,58,5,False,2026-09-23 04:00:00,2026-09-23 06:00:00,46
REQ-00785,AST-SNT-067,Signal & Telecom,PUNE-DD,signal_fault,Low,60,0.278,0,60,0,True,2026-10-04 15:00:00,2026-10-04 20:00:00,38
REQ-00786,AST-ENG-160,Engineering,BZA-VSKP,track_defect,Low,39,0.394,1,60,1,False,2026-09-24 13:00:00,2026-09-24 18:00:00,41
REQ-00787,AST-SNT-137,Signal & Telecom,GHY-NJP,signal_fault,Low,5,0.408,1,47,3,False,2026-09-24 04:00:00,2026-09-24 09:00:00,34
REQ-00788,AST-TRD-129,Traction Distribution,ALD-MGS,traction_fault,High,23,0.665,0,114,5,False,2026-10-05 22:00:00,2026-10-06 02:00:00,45
REQ-00789,AST-TRD-095,Traction Distribution,LKO-CNB,traction_fault,Medium,48,0.754,1,142,7,False,2026-09-24 11:00:00,2026-09-24 13:00:00,40
REQ-00790,AST-TRD-072,Traction Distribution,PUNE-DD,traction_fault,Low,65,0.69,1,96,7,False,2026-09-20 13:00:00,2026-09-20 16:00:00,38
REQ-00791,AST-TRD-009,Traction Distribution,NDLS-GZB,traction_fault,Medium,27,0.339,1,134,2,False,2026-09-23 04:00:00,2026-09-23 08:00:00,48
REQ-00792,AST-SNT-103,Signal & Telecom,BPL-ET,signal_fault,High,43,0.493,1,38,3,False,2026-09-07 23:00:00,2026-09-08 04:00:00,41
REQ-00793,AST-SNT-150,Signal & Telecom,TVC-QLN,signal_fault,Low,66,0.718,1,51,7,False,2026-09-20 13:00:00,2026-09-20 16:00:00,35
REQ-00794,AST-TRD-108,Traction Distribution,BPL-ET,traction_fault,Medium,16,0.683,1,124,5,False,2026-09-18 11:00:00,2026-09-18 16:00:00,41
REQ-00795,AST-ENG-076,Engineering,ADI-BRC,track_defect,Medium,79,0.324,1,25,3,True,2026-09-19 11:00:00,2026-09-19 14:00:00,42
REQ-00796,AST-TRD-130,Traction Distribution,ALD-MGS,traction_fault,Medium,49,0.686,1,151,5,False,2026-09-19 22:00:00,2026-09-20 01:00:00,45
REQ-00797,AST-TRD-084,Traction Distribution,ADI-BRC,traction_fault,Low,20,0.887,1,163,6,False,2026-09-27 11:00:00,2026-09-27 15:00:00,42
REQ-00798,AST-SNT-140,Signal & Telecom,GHY-NJP,signal_fault,Low,28,0.464,1,39,3,False,2026-09-24 13:00:00,2026-09-24 18:00:00,34
REQ-00799,AST-TRD-021,Traction Distribution,CSMT-KYN,traction_fault,Low,35,0.639,1,118,5,False,2026-09-12 04:00:00,2026-09-12 08:00:00,48
REQ-00800,AST-SNT-090,Signal & Telecom,LKO-CNB,signal_fault,Low,8,0.638,1,59,5,False,2026-09-26 23:00:00,2026-09-27 03:00:00,40
REQ-00801,AST-ENG-088,Engineering,LKO-CNB,track_defect,Medium,11,0.333,1,21,2,False,2026-09-13 15:00:00,2026-09-13 17:00:00,40
REQ-00802,AST-TRD-107,Traction Distribution,BPL-ET,traction_fault,Low,32,0.385,1,77,2,False,2026-09-07 04:00:00,2026-09-07 06:00:00,41
REQ-00803,AST-SNT-029,Signal & Telecom,HWH-BWN,signal_fault,Medium,7,0.586,1,64,5,True,2026-09-29 23:00:00,2026-09-30 01:00:00,46
REQ-00804,AST-SNT-030,Signal & Telecom,HWH-BWN,signal_fault,Medium,48,0.304,1,13,1,True,2026-09-07 23:00:00,2026-09-08 02:00:00,46
REQ-00805,AST-SNT-056,Signal & Telecom,MAS-AJJ,signal_fault,Medium,69,0.607,0,72,4,False,2026-10-02 23:00:00,2026-10-03 03:00:00,44
REQ-00806,AST-SNT-151,Signal & Telecom,TVC-QLN,signal_fault,Low,49,0.33,1,19,3,False,2026-09-08 15:00:00,2026-09-08 17:00:00,35
REQ-00807,AST-ENG-026,Engineering,HWH-BWN,track_defect,Low,16,0.353,1,22,4,False,2026-09-08 13:00:00,2026-09-08 18:00:00,46
REQ-00808,AST-TRD-095,Traction Distribution,LKO-CNB,traction_fault,Medium,62,0.792,1,130,7,False,2026-09-12 11:00:00,2026-09-12 15:00:00,40
REQ-00809,AST-SNT-162,Signal & Telecom,BZA-VSKP,signal_fault,Low,2,0.234,1,20,1,False,2026-09-07 02:00:00,2026-09-07 05:00:00,41
REQ-00810,AST-TRD-093,Traction Distribution,LKO-CNB,traction_fault,Low,15,0.361,1,126,1,False,2026-09-14 00:00:00,2026-09-14 03:00:00,40
REQ-00811,AST-SNT-150,Signal & Telecom,TVC-QLN,signal_fault,Medium,53,0.677,1,41,7,False,2026-09-10 11:00:00,2026-09-10 16:00:00,35
REQ-00812,AST-SNT-056,Signal & Telecom,MAS-AJJ,signal_fault,Low,76,0.624,0,76,4,True,2026-10-06 15:00:00,2026-10-06 18:00:00,44
REQ-00813,AST-TRD-011,Traction Distribution,NDLS-GZB,traction_fault,Low,21,0.632,1,106,6,False,2026-09-30 02:00:00,2026-09-30 06:00:00,48
REQ-00814,AST-SNT-056,Signal & Telecom,MAS-AJJ,signal_fault,Low,55,0.647,1,53,4,True,2026-09-13 15:00:00,2026-09-13 17:00:00,44
REQ-00815,AST-ENG-038,Engineering,SBC-JTJ,track_defect,Low,8,0.667,1,39,5,False,2026-09-10 11:00:00,2026-09-10 16:00:00,38
REQ-00816,AST-SNT-031,Signal & Telecom,HWH-BWN,signal_fault,Low,28,0.75,0,55,5,False,2026-10-02 13:00:00,2026-10-02 15:00:00,46
REQ-00817,AST-SNT-044,Signal & Telecom,SBC-JTJ,signal_fault,Low,42,0.829,1,36,7,False,2026-09-07 00:00:00,2026-09-07 05:00:00,38
REQ-00818,AST-ENG-026,Engineering,HWH-BWN,track_defect,Low,21,0.362,1,32,4,False,2026-09-18 02:00:00,2026-09-18 05:00:00,46
REQ-00819,AST-TRD-022,Traction Distribution,CSMT-KYN,traction_fault,Low,8,0.407,1,166,2,False,2026-09-28 15:00:00,2026-09-28 17:00:00,48
REQ-00820,AST-SNT-126,Signal & Telecom,ALD-MGS,signal_fault,Low,9,0.438,1,21,4,False,2026-09-11 02:00:00,2026-09-11 05:00:00,45
REQ-00821,AST-ENG-061,Engineering,PUNE-DD,track_defect,Low,62,0.502,1,40,4,False,2026-09-24 15:00:00,2026-09-24 20:00:00,38
REQ-00822,AST-SNT-006,Signal & Telecom,NDLS-GZB,signal_fault,Low,17,0.503,1,52,2,False,2026-09-29 22:00:00,2026-09-30 02:00:00,48
REQ-00823,AST-SNT-053,Signal & Telecom,MAS-AJJ,signal_fault,Low,18,0.545,0,63,4,False,2026-10-05 00:00:00,2026-10-05 05:00:00,44
REQ-00824,AST-SNT-104,Signal & Telecom,BPL-ET,signal_fault,Low,21,0.368,1,39,2,False,2026-09-16 23:00:00,2026-09-17 02:00:00,41
REQ-00825,AST-TRD-107,Traction Distribution,BPL-ET,traction_fault,Medium,60,0.385,1,88,2,False,2026-09-18 15:00:00,2026-09-18 20:00:00,41
REQ-00826,AST-TRD-166,Traction Distribution,BZA-VSKP,traction_fault,Low,78,0.645,1,130,6,True,2026-09-26 04:00:00,2026-09-26 06:00:00,41
REQ-00827,AST-ENG-085,Engineering,LKO-CNB,track_defect,Low,51,0.723,1,35,6,False,2026-09-16 13:00:00,2026-09-16 17:00:00,40
REQ-00828,AST-ENG-146,Engineering,TVC-QLN,track_defect,Low,4,0.662,1,47,6,False,2026-09-27 22:00:00,2026-09-28 01:00:00,35
REQ-00829,AST-SNT-116,Signal & Telecom,JP-AII,signal_fault,Low,22,0.431,0,48,3,True,2026-10-04 15:00:00,2026-10-04 18:00:00,35
REQ-00830,AST-ENG-013,Engineering,CSMT-KYN,track_defect,Medium,16,0.74,1,38,4,False,2026-09-28 22:00:00,2026-09-29 01:00:00,48
REQ-00831,AST-ENG-088,Engineering,LKO-CNB,track_defect,Low,3,0.35,0,39,2,False,2026-10-01 04:00:00,2026-10-01 08:00:00,40
REQ-00832,AST-TRD-130,Traction Distribution,ALD-MGS,traction_fault,Low,67,0.712,1,149,5,True,2026-09-17 02:00:00,2026-09-17 04:00:00,45
REQ-00833,AST-SNT-017,Signal & Telecom,CSMT-KYN,signal_fault,Medium,2,0.328,1,31,0,False,2026-09-08 04:00:00,2026-09-08 07:00:00,48
REQ-00834,AST-TRD-045,Traction Distribution,SBC-JTJ,traction_fault,Medium,11,0.35,1,91,2,False,2026-09-10 23:00:00,2026-09-11 02:00:00,38
REQ-00835,AST-ENG-109,Engineering,JP-AII,track_defect,Low,67,0.632,1,40,6,False,2026-09-27 22:00:00,2026-09-28 03:00:00,35
REQ-00836,AST-TRD-141,Traction Distribution,GHY-NJP,traction_fault,High,76,0.527,1,133,5,False,2026-09-25 13:00:00,2026-09-25 15:00:00,34
REQ-00837,AST-SNT-115,Signal & Telecom,JP-AII,signal_fault,Low,57,0.858,1,61,6,True,2026-09-29 02:00:00,2026-09-29 04:00:00,35
REQ-00838,AST-ENG-038,Engineering,SBC-JTJ,track_defect,Low,44,0.682,1,56,5,False,2026-09-27 23:00:00,2026-09-28 01:00:00,38
REQ-00839,AST-SNT-125,Signal & Telecom,ALD-MGS,signal_fault,Low,0,0.207,1,15,0,True,2026-09-08 15:00:00,2026-09-08 20:00:00,45
REQ-00840,AST-ENG-147,Engineering,TVC-QLN,track_defect,Low,35,0.446,1,66,1,False,2026-09-29 00:00:00,2026-09-29 04:00:00,35
REQ-00841,AST-SNT-139,Signal & Telecom,GHY-NJP,signal_fault,Low,53,0.629,1,20,4,False,2026-09-09 13:00:00,2026-09-09 15:00:00,34
REQ-00842,AST-SNT-102,Signal & Telecom,BPL-ET,signal_fault,High,58,0.55,1,30,3,False,2026-09-10 02:00:00,2026-09-10 05:00:00,41
REQ-00843,AST-SNT-041,Signal & Telecom,SBC-JTJ,signal_fault,Low,39,0.426,1,29,3,False,2026-09-13 11:00:00,2026-09-13 14:00:00,38
REQ-00844,AST-TRD-108,Traction Distribution,BPL-ET,traction_fault,Medium,5,0.662,1,126,5,False,2026-09-20 02:00:00,2026-09-20 06:00:00,41
REQ-00845,AST-SNT-137,Signal & Telecom,GHY-NJP,signal_fault,Low,54,0.362,1,51,3,False,2026-09-28 22:00:00,2026-09-29 00:00:00,34
REQ-00846,AST-SNT-032,Signal & Telecom,HWH-BWN,signal_fault,High,70,0.663,1,40,6,False,2026-09-24 22:00:00,2026-09-25 02:00:00,46
REQ-00847,AST-SNT-103,Signal & Telecom,BPL-ET,signal_fault,Low,22,0.553,1,57,3,True,2026-09-26 23:00:00,2026-09-27 03:00:00,41
REQ-00848,AST-ENG-100,Engineering,BPL-ET,track_defect,Low,68,0.662,1,37,4,False,2026-09-17 15:00:00,2026-09-17 20:00:00,41
REQ-00849,AST-ENG-076,Engineering,ADI-BRC,track_defect,Low,32,0.309,0,39,3,False,2026-10-03 15:00:00,2026-10-03 18:00:00,42
REQ-00850,AST-SNT-042,Signal & Telecom,SBC-JTJ,signal_fault,Medium,2,0.596,1,52,3,True,2026-09-19 13:00:00,2026-09-19 17:00:00,38
REQ-00851,AST-SNT-089,Signal & Telecom,LKO-CNB,signal_fault,Low,60,0.346,1,41,1,False,2026-09-19 00:00:00,2026-09-19 02:00:00,40
REQ-00852,AST-SNT-115,Signal & Telecom,JP-AII,signal_fault,Low,47,0.766,1,39,6,False,2026-09-07 04:00:00,2026-09-07 08:00:00,35
REQ-00853,AST-TRD-047,Traction Distribution,SBC-JTJ,traction_fault,Low,46,0.709,1,107,4,False,2026-09-13 15:00:00,2026-09-13 17:00:00,38
REQ-00854,AST-TRD-141,Traction Distribution,GHY-NJP,traction_fault,High,49,0.499,0,141,5,False,2026-10-03 13:00:00,2026-10-03 16:00:00,34
REQ-00855,AST-ENG-086,Engineering,LKO-CNB,track_defect,Low,79,0.562,1,40,6,False,2026-09-18 04:00:00,2026-09-18 07:00:00,40
REQ-00856,AST-TRD-177,Traction Distribution,NGP-BSL,traction_fault,Low,51,0.55,1,132,3,False,2026-09-25 11:00:00,2026-09-25 14:00:00,38
REQ-00857,AST-SNT-056,Signal & Telecom,MAS-AJJ,signal_fault,High,55,0.634,1,49,4,False,2026-09-09 22:00:00,2026-09-10 01:00:00,44
REQ-00858,AST-SNT-139,Signal & Telecom,GHY-NJP,signal_fault,Low,34,0.584,1,28,4,False,2026-09-17 23:00:00,2026-09-18 02:00:00,34
REQ-00859,AST-SNT-174,Signal & Telecom,NGP-BSL,signal_fault,Medium,71,0.548,1,52,4,True,2026-09-29 02:00:00,2026-09-29 06:00:00,38
REQ-00860,AST-ENG-148,Engineering,TVC-QLN,track_defect,Medium,56,0.837,1,56,5,False,2026-09-25 22:00:00,2026-09-26 00:00:00,35
REQ-00861,AST-SNT-175,Signal & Telecom,NGP-BSL,signal_fault,Low,36,0.436,0,54,3,False,2026-10-01 15:00:00,2026-10-01 19:00:00,38
REQ-00862,AST-SNT-080,Signal & Telecom,ADI-BRC,signal_fault,Medium,48,0.807,1,60,5,False,2026-09-20 02:00:00,2026-09-20 05:00:00,42
REQ-00863,AST-ENG-159,Engineering,BZA-VSKP,track_defect,High,81,0.303,1,33,4,True,2026-09-26 00:00:00,2026-09-26 05:00:00,41
REQ-00864,AST-SNT-102,Signal & Telecom,BPL-ET,signal_fault,Medium,67,0.53,1,28,3,False,2026-09-08 15:00:00,2026-09-08 18:00:00,41
REQ-00865,AST-SNT-137,Signal & Telecom,GHY-NJP,signal_fault,Low,17,0.412,1,37,3,False,2026-09-14 04:00:00,2026-09-14 06:00:00,34
REQ-00866,AST-SNT-078,Signal & Telecom,ADI-BRC,signal_fault,Low,81,0.433,1,43,2,True,2026-09-21 02:00:00,2026-09-21 05:00:00,42
REQ-00867,AST-TRD-155,Traction Distribution,TVC-QLN,traction_fault,Low,52,0.548,1,117,3,False,2026-09-19 04:00:00,2026-09-19 07:00:00,35
REQ-00868,AST-TRD-095,Traction Distribution,LKO-CNB,traction_fault,Medium,13,0.736,1,143,7,False,2026-09-25 00:00:00,2026-09-25 05:00:00,40
REQ-00869,AST-TRD-082,Traction Distribution,ADI-BRC,traction_fault,Low,39,0.446,1,127,1,False,2026-09-23 22:00:00,2026-09-24 01:00:00,42
REQ-00870,AST-TRD-095,Traction Distribution,LKO-CNB,traction_fault,Low,8,0.75,1,142,7,False,2026-09-24 11:00:00,2026-09-24 16:00:00,40
REQ-00871,AST-TRD-117,Traction Distribution,JP-AII,traction_fault,Medium,68,0.461,1,101,5,False,2026-09-13 11:00:00,2026-09-13 14:00:00,35
REQ-00872,AST-ENG-146,Engineering,TVC-QLN,track_defect,Medium,49,0.585,1,40,6,False,2026-09-20 15:00:00,2026-09-20 17:00:00,35
REQ-00873,AST-SNT-079,Signal & Telecom,ADI-BRC,signal_fault,Low,87,0.32,1,41,2,False,2026-09-20 15:00:00,2026-09-20 19:00:00,42
REQ-00874,AST-ENG-063,Engineering,PUNE-DD,track_defect,Low,73,0.32,1,56,2,False,2026-09-26 00:00:00,2026-09-26 04:00:00,38
REQ-00875,AST-SNT-067,Signal & Telecom,PUNE-DD,signal_fault,Low,17,0.275,1,52,0,False,2026-09-26 23:00:00,2026-09-27 02:00:00,38
REQ-00876,AST-SNT-176,Signal & Telecom,NGP-BSL,signal_fault,Low,1,0.725,0,63,5,False,2026-10-03 11:00:00,2026-10-03 14:00:00,38
REQ-00877,AST-SNT-030,Signal & Telecom,HWH-BWN,signal_fault,Low,38,0.344,0,37,1,True,2026-10-01 02:00:00,2026-10-01 04:00:00,46
REQ-00878,AST-SNT-044,Signal & Telecom,SBC-JTJ,signal_fault,Low,53,0.761,1,55,7,False,2026-09-26 04:00:00,2026-09-26 08:00:00,38
REQ-00879,AST-ENG-133,Engineering,GHY-NJP,track_defect,Low,6,0.734,0,70,6,False,2026-10-02 02:00:00,2026-10-02 06:00:00,34
REQ-00880,AST-SNT-006,Signal & Telecom,NDLS-GZB,signal_fault,Low,56,0.451,1,40,2,False,2026-09-17 11:00:00,2026-09-17 14:00:00,48
REQ-00881,AST-SNT-102,Signal & Telecom,BPL-ET,signal_fault,Low,43,0.559,0,51,3,False,2026-10-01 13:00:00,2026-10-01 18:00:00,41
REQ-00882,AST-TRD-034,Traction Distribution,HWH-BWN,traction_fault,Low,12,0.472,1,108,3,False,2026-09-29 00:00:00,2026-09-29 05:00:00,46
REQ-00883,AST-TRD-131,Traction Distribution,ALD-MGS,traction_fault,Low,8,0.468,1,104,4,False,2026-09-23 00:00:00,2026-09-23 04:00:00,45
REQ-00884,AST-SNT-055,Signal & Telecom,MAS-AJJ,signal_fault,Low,55,0.861,1,40,5,False,2026-09-13 13:00:00,2026-09-13 15:00:00,44
REQ-00885,AST-TRD-009,Traction Distribution,NDLS-GZB,traction_fault,Low,5,0.376,1,120,2,False,2026-09-09 22:00:00,2026-09-10 02:00:00,48
REQ-00886,AST-ENG-171,Engineering,NGP-BSL,track_defect,High,34,0.576,1,63,3,False,2026-09-28 15:00:00,2026-09-28 17:00:00,38
REQ-00887,AST-SNT-164,Signal & Telecom,BZA-VSKP,signal_fault,Medium,46,0.659,0,66,3,False,2026-10-05 22:00:00,2026-10-06 01:00:00,41
REQ-00888,AST-ENG-097,Engineering,BPL-ET,track_defect,Low,60,0.291,1,46,2,False,2026-09-29 02:00:00,2026-09-29 06:00:00,41
REQ-00889,AST-TRD-119,Traction Distribution,JP-AII,traction_fault,Low,17,0.553,1,145,5,False,2026-09-24 02:00:00,2026-09-24 05:00:00,35
REQ-00890,AST-SNT-090,Signal & Telecom,LKO-CNB,signal_fault,Low,64,0.593,1,57,5,True,2026-09-24 00:00:00,2026-09-24 02:00:00,40
REQ-00891,AST-TRD-106,Traction Distribution,BPL-ET,traction_fault,Medium,29,0.281,1,115,1,False,2026-09-16 15:00:00,2026-09-16 20:00:00,41
REQ-00892,AST-ENG-027,Engineering,HWH-BWN,track_defect,Low,48,0.436,1,16,2,False,2026-09-07 15:00:00,2026-09-07 19:00:00,46
REQ-00893,AST-SNT-056,Signal & Telecom,MAS-AJJ,signal_fault,High,38,0.624,1,54,4,False,2026-09-14 13:00:00,2026-09-14 15:00:00,44
REQ-00894,AST-TRD-177,Traction Distribution,NGP-BSL,traction_fault,Low,50,0.547,1,126,3,False,2026-09-19 00:00:00,2026-09-19 04:00:00,38
REQ-00895,AST-TRD-070,Traction Distribution,PUNE-DD,traction_fault,Medium,0,0.325,0,131,3,False,2026-10-05 22:00:00,2026-10-06 01:00:00,38
REQ-00896,AST-TRD-081,Traction Distribution,ADI-BRC,traction_fault,Low,4,0.557,1,156,2,False,2026-09-23 11:00:00,2026-09-23 16:00:00,42
REQ-00897,AST-ENG-026,Engineering,HWH-BWN,track_defect,Medium,15,0.391,1,34,4,False,2026-09-20 13:00:00,2026-09-20 17:00:00,46
REQ-00898,AST-ENG-025,Engineering,HWH-BWN,track_defect,Medium,24,0.96,1,46,9,False,2026-09-13 04:00:00,2026-09-13 07:00:00,46
REQ-00899,AST-TRD-060,Traction Distribution,MAS-AJJ,traction_fault,Low,30,0.651,1,96,3,False,2026-09-29 04:00:00,2026-09-29 09:00:00,44
REQ-00900,AST-TRD-154,Traction Distribution,TVC-QLN,traction_fault,Low,70,0.562,1,125,4,True,2026-09-11 04:00:00,2026-09-11 08:00:00,35
REQ-00901,AST-SNT-103,Signal & Telecom,BPL-ET,signal_fault,Medium,15,0.495,1,61,3,False,2026-09-30 02:00:00,2026-09-30 05:00:00,41
REQ-00902,AST-ENG-169,Engineering,NGP-BSL,track_defect,High,48,0.542,1,17,5,False,2026-09-11 00:00:00,2026-09-11 04:00:00,38
REQ-00903,AST-SNT-079,Signal & Telecom,ADI-BRC,signal_fault,High,34,0.376,1,41,2,False,2026-09-20 13:00:00,2026-09-20 18:00:00,42
REQ-00904,AST-ENG-157,Engineering,BZA-VSKP,track_defect,Low,74,0.518,0,55,2,True,2026-10-05 13:00:00,2026-10-05 16:00:00,41
REQ-00905,AST-SNT-019,Signal & Telecom,CSMT-KYN,signal_fault,Low,67,0.706,1,34,6,True,2026-09-11 04:00:00,2026-09-11 06:00:00,48
REQ-00906,AST-ENG-112,Engineering,JP-AII,track_defect,Low,70,0.773,1,44,7,False,2026-09-26 13:00:00,2026-09-26 16:00:00,35
REQ-00907,AST-ENG-039,Engineering,SBC-JTJ,track_defect,Medium,61,0.166,1,39,0,False,2026-09-28 00:00:00,2026-09-28 04:00:00,38
REQ-00908,AST-ENG-146,Engineering,TVC-QLN,track_defect,Medium,78,0.645,1,42,6,True,2026-09-22 04:00:00,2026-09-22 09:00:00,35
REQ-00909,AST-SNT-068,Signal & Telecom,PUNE-DD,signal_fault,Low,44,0.772,1,50,7,False,2026-09-12 22:00:00,2026-09-13 03:00:00,38
REQ-00910,AST-SNT-031,Signal & Telecom,HWH-BWN,signal_fault,Low,43,0.751,1,36,5,False,2026-09-13 11:00:00,2026-09-13 13:00:00,46
REQ-00911,AST-SNT-005,Signal & Telecom,NDLS-GZB,signal_fault,Low,58,0.481,0,76,3,False,2026-10-06 13:00:00,2026-10-06 18:00:00,48
REQ-00912,AST-ENG-123,Engineering,ALD-MGS,track_defect,Medium,71,0.479,1,40,2,False,2026-09-13 11:00:00,2026-09-13 13:00:00,45
REQ-00913,AST-SNT-089,Signal & Telecom,LKO-CNB,signal_fault,Low,15,0.335,0,56,1,False,2026-10-04 23:00:00,2026-10-05 03:00:00,40
REQ-00914,AST-SNT-173,Signal & Telecom,NGP-BSL,signal_fault,Low,58,0.777,1,54,6,False,2026-09-14 22:00:00,2026-09-15 03:00:00,38
REQ-00915,AST-SNT-115,Signal & Telecom,JP-AII,signal_fault,Low,28,0.804,1,62,6,True,2026-09-30 22:00:00,2026-10-01 02:00:00,35
REQ-00916,AST-SNT-140,Signal & Telecom,GHY-NJP,signal_fault,Low,14,0.49,1,40,3,False,2026-09-25 00:00:00,2026-09-25 02:00:00,34
REQ-00917,AST-TRD-165,Traction Distribution,BZA-VSKP,traction_fault,Low,74,0.629,0,181,3,True,2026-10-05 00:00:00,2026-10-05 03:00:00,41
REQ-00918,AST-SNT-078,Signal & Telecom,ADI-BRC,signal_fault,Low,11,0.442,1,52,2,False,2026-09-30 00:00:00,2026-09-30 05:00:00,42
REQ-00919,AST-SNT-125,Signal & Telecom,ALD-MGS,signal_fault,Medium,69,0.169,1,15,0,False,2026-09-08 11:00:00,2026-09-08 15:00:00,45
REQ-00920,AST-SNT-173,Signal & Telecom,NGP-BSL,signal_fault,Medium,46,0.716,1,56,6,False,2026-09-16 13:00:00,2026-09-16 18:00:00,38
REQ-00921,AST-SNT-055,Signal & Telecom,MAS-AJJ,signal_fault,Medium,38,0.861,1,53,5,False,2026-09-26 00:00:00,2026-09-26 03:00:00,44
REQ-00922,AST-ENG-122,Engineering,ALD-MGS,track_defect,Medium,10,0.449,1,37,2,False,2026-09-21 02:00:00,2026-09-21 04:00:00,45
REQ-00923,AST-SNT-114,Signal & Telecom,JP-AII,signal_fault,Low,18,0.519,0,48,4,False,2026-10-05 04:00:00,2026-10-05 09:00:00,35
REQ-00924,AST-ENG-085,Engineering,LKO-CNB,track_defect,Low,32,0.737,1,26,6,False,2026-09-07 04:00:00,2026-09-07 09:00:00,40
REQ-00925,AST-TRD-142,Traction Distribution,GHY-NJP,traction_fault,Low,76,0.3,0,127,3,False,2026-10-05 11:00:00,2026-10-05 16:00:00,34
REQ-00926,AST-TRD-069,Traction Distribution,PUNE-DD,traction_fault,Low,59,0.358,1,105,2,False,2026-09-29 04:00:00,2026-09-29 06:00:00,38
REQ-00927,AST-ENG-134,Engineering,GHY-NJP,track_defect,Low,70,0.494,1,55,2,False,2026-09-21 15:00:00,2026-09-21 17:00:00,34
REQ-00928,AST-SNT-077,Signal & Telecom,ADI-BRC,signal_fault,Low,12,0.403,1,42,2,False,2026-09-30 04:00:00,2026-09-30 09:00:00,42
REQ-00929,AST-ENG-003,Engineering,NDLS-GZB,track_defect,Low,20,0.305,0,39,1,False,2026-10-01 04:00:00,2026-10-01 08:00:00,48
REQ-00930,AST-TRD-131,Traction Distribution,ALD-MGS,traction_fault,Medium,79,0.538,0,115,4,False,2026-10-04 04:00:00,2026-10-04 07:00:00,45
REQ-00931,AST-ENG-028,Engineering,HWH-BWN,track_defect,Low,1,0.582,0,64,5,False,2026-10-01 00:00:00,2026-10-01 05:00:00,46
REQ-00932,AST-TRD-143,Traction Distribution,GHY-NJP,traction_fault,Medium,73,0.666,0,99,8,False,2026-10-01 23:00:00,2026-10-02 03:00:00,34
REQ-00933,AST-ENG-016,Engineering,CSMT-KYN,track_defect,Low,70,0.815,0,64,5,False,2026-10-05 04:00:00,2026-10-05 07:00:00,48
REQ-00934,AST-ENG-145,Engineering,TVC-QLN,track_defect,Medium,39,0.741,1,55,7,False,2026-09-15 00:00:00,2026-09-15 05:00:00,35
REQ-00935,AST-SNT-092,Signal & Telecom,LKO-CNB,signal_fault,High,36,0.551,1,39,5,True,2026-09-24 00:00:00,2026-09-24 05:00:00,40
REQ-00936,AST-ENG-110,Engineering,JP-AII,track_defect,Low,69,0.261,1,50,0,False,2026-09-28 23:00:00,2026-09-29 04:00:00,35
REQ-00937,AST-ENG-014,Engineering,CSMT-KYN,track_defect,Low,12,0.585,1,50,2,False,2026-09-26 00:00:00,2026-09-26 03:00:00,48
REQ-00938,AST-ENG-050,Engineering,MAS-AJJ,track_defect,Low,9,0.431,1,63,2,False,2026-09-26 11:00:00,2026-09-26 13:00:00,44
REQ-00939,AST-TRD-012,Traction Distribution,NDLS-GZB,traction_fault,Low,85,0.881,1,172,6,True,2026-09-27 15:00:00,2026-09-27 17:00:00,48
REQ-00940,AST-TRD-011,Traction Distribution,NDLS-GZB,traction_fault,Low,42,0.676,1,104,6,False,2026-09-28 13:00:00,2026-09-28 17:00:00,48
REQ-00941,AST-ENG-004,Engineering,NDLS-GZB,track_defect,Medium,37,0.636,1,48,5,False,2026-09-10 22:00:00,2026-09-11 01:00:00,48
REQ-00942,AST-ENG-051,Engineering,MAS-AJJ,track_defect,Low,31,0.641,1,62,3,False,2026-09-26 04:00:00,2026-09-26 09:00:00,44
REQ-00943,AST-ENG-064,Engineering,PUNE-DD,track_defect,Low,25,0.704,0,60,6,False,2026-10-06 00:00:00,2026-10-06 02:00:00,38
REQ-00944,AST-SNT-065,Signal & Telecom,PUNE-DD,signal_fault,Low,41,0.635,1,55,3,False,2026-09-18 22:00:00,2026-09-19 00:00:00,38
REQ-00945,AST-TRD-166,Traction Distribution,BZA-VSKP,traction_fault,Low,16,0.639,1,128,6,False,2026-09-24 02:00:00,2026-09-24 06:00:00,41
REQ-00946,AST-ENG-016,Engineering,CSMT-KYN,track_defect,Medium,68,0.868,1,58,5,False,2026-09-29 13:00:00,2026-09-29 17:00:00,48
REQ-00947,AST-TRD-106,Traction Distribution,BPL-ET,traction_fault,Medium,41,0.253,1,112,1,False,2026-09-13 11:00:00,2026-09-13 13:00:00,41
REQ-00948,AST-ENG-135,Engineering,GHY-NJP,track_defect,Low,76,0.54,1,61,3,False,2026-09-27 02:00:00,2026-09-27 07:00:00,34
REQ-00949,AST-SNT-115,Signal & Telecom,JP-AII,signal_fault,Medium,43,0.826,0,68,6,False,2026-10-06 13:00:00,2026-10-06 18:00:00,35
REQ-00950,AST-TRD-069,Traction Distribution,PUNE-DD,traction_fault,Low,17,0.41,1,91,2,False,2026-09-15 15:00:00,2026-09-15 18:00:00,38
REQ-00951,AST-SNT-092,Signal & Telecom,LKO-CNB,signal_fault,High,2,0.608,1,38,5,False,2026-09-23 23:00:00,2026-09-24 04:00:00,40
REQ-00952,AST-TRD-177,Traction Distribution,NGP-BSL,traction_fault,Low,72,0.622,1,133,3,True,2026-09-26 11:00:00,2026-09-26 15:00:00,38
REQ-00953,AST-SNT-005,Signal & Telecom,NDLS-GZB,signal_fault,High,21,0.522,1,50,3,False,2026-09-10 00:00:00,2026-09-10 05:00:00,48
REQ-00954,AST-ENG-016,Engineering,CSMT-KYN,track_defect,Low,75,0.856,1,59,5,True,2026-09-30 11:00:00,2026-09-30 16:00:00,48
REQ-00955,AST-TRD-070,Traction Distribution,PUNE-DD,traction_fault,Low,55,0.38,1,114,3,False,2026-09-18 11:00:00,2026-09-18 13:00:00,38
REQ-00956,AST-TRD-141,Traction Distribution,GHY-NJP,traction_fault,Low,54,0.521,1,124,5,False,2026-09-16 13:00:00,2026-09-16 15:00:00,34
REQ-00957,AST-TRD-105,Traction Distribution,BPL-ET,traction_fault,Medium,57,0.483,1,158,3,False,2026-09-24 15:00:00,2026-09-24 17:00:00,41
REQ-00958,AST-SNT-066,Signal & Telecom,PUNE-DD,signal_fault,Medium,38,0.391,1,26,4,True,2026-09-17 22:00:00,2026-09-18 00:00:00,38
REQ-00959,AST-TRD-045,Traction Distribution,SBC-JTJ,traction_fault,Low,72,0.432,1,98,2,True,2026-09-17 15:00:00,2026-09-17 20:00:00,38
REQ-00960,AST-TRD-156,Traction Distribution,TVC-QLN,traction_fault,Medium,19,0.832,1,143,5,False,2026-09-08 04:00:00,2026-09-08 09:00:00,35
REQ-00961,AST-SNT-090,Signal & Telecom,LKO-CNB,signal_fault,Medium,59,0.646,0,68,5,True,2026-10-05 15:00:00,2026-10-05 20:00:00,40
REQ-00962,AST-ENG-075,Engineering,ADI-BRC,track_defect,Medium,55,0.404,0,61,3,False,2026-10-06 00:00:00,2026-10-06 04:00:00,42
REQ-00963,AST-ENG-124,Engineering,ALD-MGS,track_defect,Medium,52,0.472,1,42,2,False,2026-09-17 00:00:00,2026-09-17 03:00:00,45
REQ-00964,AST-SNT-066,Signal & Telecom,PUNE-DD,signal_fault,Low,4,0.405,0,41,4,True,2026-10-02 15:00:00,2026-10-02 17:00:00,38
REQ-00965,AST-SNT-054,Signal & Telecom,MAS-AJJ,signal_fault,Low,17,0.501,0,42,2,False,2026-10-03 00:00:00,2026-10-03 04:00:00,44
REQ-00966,AST-ENG-121,Engineering,ALD-MGS,track_defect,Low,57,0.572,1,62,4,False,2026-09-24 04:00:00,2026-09-24 09:00:00,45
REQ-00967,AST-TRD-024,Traction Distribution,CSMT-KYN,traction_fault,Low,23,0.55,0,131,5,False,2026-10-04 13:00:00,2026-10-04 17:00:00,48
REQ-00968,AST-ENG-050,Engineering,MAS-AJJ,track_defect,Low,22,0.501,1,57,2,False,2026-09-20 02:00:00,2026-09-20 07:00:00,44
REQ-00969,AST-TRD-072,Traction Distribution,PUNE-DD,traction_fault,Low,68,0.713,1,97,7,True,2026-09-21 13:00:00,2026-09-21 16:00:00,38
REQ-00970,AST-SNT-032,Signal & Telecom,HWH-BWN,signal_fault,Low,8,0.675,1,26,6,False,2026-09-10 15:00:00,2026-09-10 17:00:00,46
REQ-00971,AST-TRD-179,Traction Distribution,NGP-BSL,traction_fault,Low,62,0.781,1,110,8,False,2026-09-09 23:00:00,2026-09-10 01:00:00,38
REQ-00972,AST-TRD-178,Traction Distribution,NGP-BSL,traction_fault,Low,36,0.417,1,122,3,False,2026-09-23 04:00:00,2026-09-23 07:00:00,38
REQ-00973,AST-SNT-091,Signal & Telecom,LKO-CNB,signal_fault,Low,41,0.357,1,45,4,True,2026-09-30 13:00:00,2026-09-30 17:00:00,40
REQ-00974,AST-SNT-164,Signal & Telecom,BZA-VSKP,signal_fault,Medium,62,0.633,1,41,3,False,2026-09-10 04:00:00,2026-09-10 07:00:00,41
REQ-00975,AST-SNT-090,Signal & Telecom,LKO-CNB,signal_fault,Medium,17,0.599,1,52,5,False,2026-09-19 02:00:00,2026-09-19 04:00:00,40
REQ-00976,AST-TRD-011,Traction Distribution,NDLS-GZB,traction_fault,Medium,7,0.631,1,104,6,False,2026-09-28 02:00:00,2026-09-28 06:00:00,48
REQ-00977,AST-TRD-011,Traction Distribution,NDLS-GZB,traction_fault,Low,75,0.642,1,86,6,True,2026-09-10 13:00:00,2026-09-10 15:00:00,48
REQ-00978,AST-ENG-052,Engineering,MAS-AJJ,track_defect,Low,27,0.532,1,45,3,False,2026-09-27 11:00:00,2026-09-27 15:00:00,44
REQ-00979,AST-ENG-051,Engineering,MAS-AJJ,track_defect,Medium,20,0.633,1,51,3,False,2026-09-15 15:00:00,2026-09-15 20:00:00,44
REQ-00980,AST-TRD-058,Traction Distribution,MAS-AJJ,traction_fault,Low,0,0.59,1,86,6,False,2026-09-11 04:00:00,2026-09-11 08:00:00,44
REQ-00981,AST-TRD-120,Traction Distribution,JP-AII,traction_fault,Low,65,0.655,1,149,5,False,2026-09-24 02:00:00,2026-09-24 05:00:00,35
REQ-00982,AST-SNT-104,Signal & Telecom,BPL-ET,signal_fault,Medium,44,0.405,1,40,2,True,2026-09-17 13:00:00,2026-09-17 16:00:00,41
REQ-00983,AST-TRD-156,Traction Distribution,TVC-QLN,traction_fault,Low,35,0.823,1,151,5,False,2026-09-16 11:00:00,2026-09-16 14:00:00,35
REQ-00984,AST-ENG-112,Engineering,JP-AII,track_defect,Low,76,0.718,0,53,7,False,2026-10-05 15:00:00,2026-10-05 20:00:00,35
REQ-00985,AST-SNT-006,Signal & Telecom,NDLS-GZB,signal_fault,Low,12,0.469,1,45,2,True,2026-09-22 00:00:00,2026-09-22 02:00:00,48
REQ-00986,AST-ENG-014,Engineering,CSMT-KYN,track_defect,High,47,0.567,1,44,2,False,2026-09-20 22:00:00,2026-09-21 01:00:00,48
REQ-00987,AST-TRD-178,Traction Distribution,NGP-BSL,traction_fault,High,28,0.414,1,124,3,False,2026-09-25 23:00:00,2026-09-26 03:00:00,38
REQ-00988,AST-SNT-161,Signal & Telecom,BZA-VSKP,signal_fault,Low,73,0.438,1,48,2,False,2026-09-13 02:00:00,2026-09-13 07:00:00,41
REQ-00989,AST-TRD-022,Traction Distribution,CSMT-KYN,traction_fault,Low,49,0.447,0,171,2,False,2026-10-03 23:00:00,2026-10-04 01:00:00,48
REQ-00990,AST-TRD-132,Traction Distribution,ALD-MGS,traction_fault,High,70,0.737,1,160,7,False,2026-09-27 23:00:00,2026-09-28 04:00:00,45
REQ-00991,AST-TRD-047,Traction Distribution,SBC-JTJ,traction_fault,Low,77,0.671,1,105,4,True,2026-09-11 13:00:00,2026-09-11 17:00:00,38
REQ-00992,AST-ENG-133,Engineering,GHY-NJP,track_defect,Low,8,0.734,0,74,6,False,2026-10-06 15:00:00,2026-10-06 19:00:00,34
REQ-00993,AST-SNT-006,Signal & Telecom,NDLS-GZB,signal_fault,Medium,51,0.466,1,32,2,True,2026-09-09 23:00:00,2026-09-10 01:00:00,48
REQ-00994,AST-TRD-094,Traction Distribution,LKO-CNB,traction_fault,Low,47,0.307,0,131,0,False,2026-10-04 04:00:00,2026-10-04 08:00:00,40
REQ-00995,AST-ENG-111,Engineering,JP-AII,track_defect,Low,50,0.475,1,64,4,False,2026-09-25 04:00:00,2026-09-25 06:00:00,35
REQ-00996,AST-ENG-134,Engineering,GHY-NJP,track_defect,High,73,0.498,0,66,2,True,2026-10-02 02:00:00,2026-10-02 06:00:00,34
REQ-00997,AST-SNT-017,Signal & Telecom,CSMT-KYN,signal_fault,Low,3,0.281,0,55,0,False,2026-10-02 13:00:00,2026-10-02 18:00:00,48
REQ-00998,AST-TRD-083,Traction Distribution,ADI-BRC,traction_fault,Low,4,0.407,1,113,1,False,2026-09-14 11:00:00,2026-09-14 14:00:00,42
REQ-00999,AST-SNT-077,Signal & Telecom,ADI-BRC,signal_fault,Medium,59,0.429,1,21,2,False,2026-09-09 15:00:00,2026-09-09 18:00:00,42
REQ-01000,AST-SNT-114,Signal & Telecom,JP-AII,signal_fault,Low,61,0.532,1,33,4,True,2026-09-20 22:00:00,2026-09-21 02:00:00,35
REQ-01001,AST-TRD-048,Traction Distribution,SBC-JTJ,traction_fault,Low,20,0.673,1,85,5,False,2026-09-12 02:00:00,2026-09-12 07:00:00,38
REQ-01002,AST-SNT-115,Signal & Telecom,JP-AII,signal_fault,Medium,43,0.847,1,53,6,False,2026-09-21 15:00:00,2026-09-21 17:00:00,35
REQ-01003,AST-ENG-028,Engineering,HWH-BWN,track_defect,Low,4,0.611,1,49,5,False,2026-09-16 22:00:00,2026-09-17 00:00:00,46
REQ-01004,AST-TRD-132,Traction Distribution,ALD-MGS,traction_fault,Low,21,0.763,0,166,7,False,2026-10-03 22:00:00,2026-10-04 02:00:00,45
REQ-01005,AST-TRD-131,Traction Distribution,ALD-MGS,traction_fault,Low,41,0.533,1,89,4,False,2026-09-08 02:00:00,2026-09-08 05:00:00,45
REQ-01006,AST-SNT-173,Signal & Telecom,NGP-BSL,signal_fault,Low,59,0.765,1,65,6,False,2026-09-25 00:00:00,2026-09-25 03:00:00,38
REQ-01007,AST-ENG-085,Engineering,LKO-CNB,track_defect,Medium,16,0.74,1,43,6,False,2026-09-24 13:00:00,2026-09-24 18:00:00,40
REQ-01008,AST-SNT-089,Signal & Telecom,LKO-CNB,signal_fault,Low,68,0.278,1,35,1,False,2026-09-13 11:00:00,2026-09-13 15:00:00,40
REQ-01009,AST-SNT-151,Signal & Telecom,TVC-QLN,signal_fault,Low,3,0.318,0,47,3,False,2026-10-06 13:00:00,2026-10-06 18:00:00,35
REQ-01010,AST-ENG-171,Engineering,NGP-BSL,track_defect,Low,4,0.635,1,53,3,False,2026-09-18 02:00:00,2026-09-18 04:00:00,38
REQ-01011,AST-TRD-105,Traction Distribution,BPL-ET,traction_fault,Low,77,0.478,1,153,3,True,2026-09-19 04:00:00,2026-09-19 08:00:00,41
REQ-01012,AST-SNT-174,Signal & Telecom,NGP-BSL,signal_fault,Medium,18,0.614,1,47,4,False,2026-09-24 00:00:00,2026-09-24 02:00:00,38
REQ-01013,AST-SNT-161,Signal & Telecom,BZA-VSKP,signal_fault,Medium,62,0.468,1,53,2,False,2026-09-18 02:00:00,2026-09-18 06:00:00,41
REQ-01014,AST-TRD-048,Traction Distribution,SBC-JTJ,traction_fault,Low,76,0.733,1,93,5,False,2026-09-20 22:00:00,2026-09-21 02:00:00,38
REQ-01015,AST-SNT-078,Signal & Telecom,ADI-BRC,signal_fault,Low,61,0.456,1,41,2,True,2026-09-19 22:00:00,2026-09-20 01:00:00,42
REQ-01016,AST-SNT-091,Signal & Telecom,LKO-CNB,signal_fault,Low,7,0.427,1,26,4,True,2026-09-11 11:00:00,2026-09-11 16:00:00,40
REQ-01017,AST-ENG-064,Engineering,PUNE-DD,track_defect,Low,76,0.656,0,57,6,True,2026-10-03 22:00:00,2026-10-04 01:00:00,38
REQ-01018,AST-SNT-164,Signal & Telecom,BZA-VSKP,signal_fault,Low,65,0.562,1,59,3,False,2026-09-28 04:00:00,2026-09-28 07:00:00,41
REQ-01019,AST-TRD-130,Traction Distribution,ALD-MGS,traction_fault,Medium,61,0.726,1,139,5,False,2026-09-07 04:00:00,2026-09-07 09:00:00,45
REQ-01020,AST-SNT-029,Signal & Telecom,HWH-BWN,signal_fault,Low,32,0.649,1,44,5,True,2026-09-09 04:00:00,2026-09-09 09:00:00,46
REQ-01021,AST-ENG-170,Engineering,NGP-BSL,track_defect,High,14,0.38,0,65,2,True,2026-10-02 22:00:00,2026-10-03 01:00:00,38
REQ-01022,AST-SNT-080,Signal & Telecom,ADI-BRC,signal_fault,Low,46,0.768,1,64,5,False,2026-09-24 23:00:00,2026-09-25 04:00:00,42
REQ-01023,AST-TRD-036,Traction Distribution,HWH-BWN,traction_fault,High,88,0.652,1,155,5,True,2026-09-20 00:00:00,2026-09-20 05:00:00,46
REQ-01024,AST-ENG-040,Engineering,SBC-JTJ,track_defect,Medium,11,0.46,1,69,1,False,2026-09-29 13:00:00,2026-09-29 18:00:00,38
REQ-01025,AST-TRD-117,Traction Distribution,JP-AII,traction_fault,Medium,37,0.511,1,106,5,False,2026-09-18 00:00:00,2026-09-18 02:00:00,35
REQ-01026,AST-TRD-142,Traction Distribution,GHY-NJP,traction_fault,Low,43,0.387,1,110,3,False,2026-09-18 02:00:00,2026-09-18 07:00:00,34
REQ-01027,AST-TRD-022,Traction Distribution,CSMT-KYN,traction_fault,Low,55,0.453,1,149,2,False,2026-09-11 13:00:00,2026-09-11 18:00:00,48
REQ-01028,AST-SNT-102,Signal & Telecom,BPL-ET,signal_fault,Low,57,0.544,0,55,3,False,2026-10-05 02:00:00,2026-10-05 05:00:00,41
REQ-01029,AST-TRD-144,Traction Distribution,GHY-NJP,traction_fault,Low,41,0.363,1,139,2,False,2026-09-28 02:00:00,2026-09-28 06:00:00,34
REQ-01030,AST-TRD-178,Traction Distribution,NGP-BSL,traction_fault,High,35,0.428,1,116,3,False,2026-09-17 00:00:00,2026-09-17 05:00:00,38
REQ-01031,AST-SNT-174,Signal & Telecom,NGP-BSL,signal_fault,Medium,13,0.579,1,45,4,False,2026-09-22 15:00:00,2026-09-22 20:00:00,38
REQ-01032,AST-SNT-152,Signal & Telecom,TVC-QLN,signal_fault,Medium,52,0.496,1,33,3,False,2026-09-16 13:00:00,2026-09-16 16:00:00,35
REQ-01033,AST-SNT-176,Signal & Telecom,NGP-BSL,signal_fault,Medium,30,0.662,1,56,5,False,2026-09-26 13:00:00,2026-09-26 17:00:00,38
REQ-01034,AST-ENG-087,Engineering,LKO-CNB,track_defect,Low,74,0.51,1,34,3,True,2026-09-25 04:00:00,2026-09-25 06:00:00,40
REQ-01035,AST-TRD-059,Traction Distribution,MAS-AJJ,traction_fault,Low,1,0.621,0,110,3,False,2026-10-02 00:00:00,2026-10-02 04:00:00,44
REQ-01036,AST-TRD-033,Traction Distribution,HWH-BWN,traction_fault,Medium,53,0.612,1,122,6,False,2026-09-23 02:00:00,2026-09-23 06:00:00,46
REQ-01037,AST-SNT-116,Signal & Telecom,JP-AII,signal_fault,Low,25,0.4,1,29,3,False,2026-09-15 13:00:00,2026-09-15 17:00:00,35
REQ-01038,AST-SNT-020,Signal & Telecom,CSMT-KYN,signal_fault,Medium,5,0.496,1,35,3,False,2026-09-26 04:00:00,2026-09-26 07:00:00,48
REQ-01039,AST-ENG-064,Engineering,PUNE-DD,track_defect,Medium,13,0.705,0,56,6,False,2026-10-02 04:00:00,2026-10-02 08:00:00,38
REQ-01040,AST-ENG-040,Engineering,SBC-JTJ,track_defect,Low,57,0.401,1,62,1,False,2026-09-22 04:00:00,2026-09-22 06:00:00,38
REQ-01041,AST-SNT-018,Signal & Telecom,CSMT-KYN,signal_fault,High,22,0.437,1,51,1,False,2026-09-11 04:00:00,2026-09-11 09:00:00,48
REQ-01042,AST-SNT-079,Signal & Telecom,ADI-BRC,signal_fault,Medium,54,0.367,0,52,2,False,2026-10-01 22:00:00,2026-10-02 01:00:00,42
REQ-01043,AST-SNT-139,Signal & Telecom,GHY-NJP,signal_fault,Medium,25,0.593,1,38,4,True,2026-09-27 04:00:00,2026-09-27 07:00:00,34
REQ-01044,AST-ENG-158,Engineering,BZA-VSKP,track_defect,Low,30,0.414,1,26,2,False,2026-09-18 00:00:00,2026-09-18 04:00:00,41
REQ-01045,AST-SNT-020,Signal & Telecom,CSMT-KYN,signal_fault,Low,51,0.47,1,17,3,False,2026-09-08 04:00:00,2026-09-08 09:00:00,48
REQ-01046,AST-TRD-060,Traction Distribution,MAS-AJJ,traction_fault,Medium,65,0.619,1,89,3,False,2026-09-22 11:00:00,2026-09-22 16:00:00,44
REQ-01047,AST-SNT-077,Signal & Telecom,ADI-BRC,signal_fault,Low,7,0.401,1,34,2,True,2026-09-22 13:00:00,2026-09-22 16:00:00,42
REQ-01048,AST-TRD-084,Traction Distribution,ADI-BRC,traction_fault,Low,72,0.897,1,143,6,True,2026-09-07 13:00:00,2026-09-07 18:00:00,42
REQ-01049,AST-SNT-065,Signal & Telecom,PUNE-DD,signal_fault,Low,67,0.651,1,60,3,True,2026-09-23 00:00:00,2026-09-23 02:00:00,38
REQ-01050,AST-TRD-129,Traction Distribution,ALD-MGS,traction_fault,Low,57,0.607,1,97,5,False,2026-09-18 22:00:00,2026-09-19 02:00:00,45
REQ-01051,AST-TRD-058,Traction Distribution,MAS-AJJ,traction_fault,Low,14,0.644,0,107,6,False,2026-10-02 02:00:00,2026-10-02 06:00:00,44
REQ-01052,AST-SNT-078,Signal & Telecom,ADI-BRC,signal_fault,High,27,0.442,1,43,2,False,2026-09-21 11:00:00,2026-09-21 14:00:00,42
REQ-01053,AST-SNT-128,Signal & Telecom,ALD-MGS,signal_fault,Low,44,0.371,1,44,1,True,2026-09-29 04:00:00,2026-09-29 08:00:00,45
REQ-01054,AST-SNT-128,Signal & Telecom,ALD-MGS,signal_fault,Medium,60,0.357,1,22,1,False,2026-09-07 02:00:00,2026-09-07 04:00:00,45
REQ-01055,AST-ENG-098,Engineering,BPL-ET,track_defect,Low,34,0.41,1,31,3,False,2026-09-10 23:00:00,2026-09-11 03:00:00,41
REQ-01056,AST-SNT-055,Signal & Telecom,MAS-AJJ,signal_fault,Low,13,0.817,1,42,5,False,2026-09-15 11:00:00,2026-09-15 13:00:00,44
REQ-01057,AST-SNT-018,Signal & Telecom,CSMT-KYN,signal_fault,Low,47,0.433,1,48,1,False,2026-09-08 11:00:00,2026-09-08 13:00:00,48
REQ-01058,AST-ENG-016,Engineering,CSMT-KYN,track_defect,Medium,20,0.881,1,38,5,False,2026-09-09 04:00:00,2026-09-09 09:00:00,48
REQ-01059,AST-SNT-174,Signal & Telecom,NGP-BSL,signal_fault,Low,10,0.614,1,50,4,False,2026-09-27 04:00:00,2026-09-27 06:00:00,38
REQ-01060,AST-ENG-049,Engineering,MAS-AJJ,track_defect,Low,41,0.304,1,43,0,False,2026-09-16 23:00:00,2026-09-17 01:00:00,44
REQ-01061,AST-SNT-176,Signal & Telecom,NGP-BSL,signal_fault,Low,43,0.682,1,45,5,False,2026-09-15 22:00:00,2026-09-16 02:00:00,38
REQ-01062,AST-SNT-150,Signal & Telecom,TVC-QLN,signal_fault,Low,40,0.676,1,40,7,False,2026-09-09 13:00:00,2026-09-09 15:00:00,35
REQ-01063,AST-SNT-066,Signal & Telecom,PUNE-DD,signal_fault,Medium,12,0.326,1,17,4,False,2026-09-08 13:00:00,2026-09-08 17:00:00,38
REQ-01064,AST-SNT-017,Signal & Telecom,CSMT-KYN,signal_fault,Low,61,0.259,1,45,0,False,2026-09-22 11:00:00,2026-09-22 16:00:00,48
REQ-01065,AST-TRD-096,Traction Distribution,LKO-CNB,traction_fault,Medium,10,0.39,1,96,2,False,2026-09-10 04:00:00,2026-09-10 09:00:00,40
REQ-01066,AST-TRD-130,Traction Distribution,ALD-MGS,traction_fault,Medium,70,0.67,1,142,5,False,2026-09-10 23:00:00,2026-09-11 03:00:00,45
REQ-01067,AST-SNT-017,Signal & Telecom,CSMT-KYN,signal_fault,Low,9,0.243,1,32,0,False,2026-09-09 13:00:00,2026-09-09 18:00:00,48
REQ-01068,AST-TRD-096,Traction Distribution,LKO-CNB,traction_fault,Low,39,0.434,1,97,2,False,2026-09-11 00:00:00,2026-09-11 02:00:00,40
REQ-01069,AST-ENG-050,Engineering,MAS-AJJ,track_defect,Low,32,0.47,1,48,2,False,2026-09-11 15:00:00,2026-09-11 20:00:00,44
REQ-01070,AST-SNT-101,Signal & Telecom,BPL-ET,signal_fault,Medium,40,0.49,1,57,3,True,2026-09-29 23:00:00,2026-09-30 04:00:00,41
REQ-01071,AST-SNT-163,Signal & Telecom,BZA-VSKP,signal_fault,High,36,0.274,1,37,3,True,2026-09-30 02:00:00,2026-09-30 05:00:00,41
REQ-01072,AST-TRD-141,Traction Distribution,GHY-NJP,traction_fault,Low,65,0.547,0,141,5,False,2026-10-03 23:00:00,2026-10-04 01:00:00,34
REQ-01073,AST-ENG-172,Engineering,NGP-BSL,track_defect,Low,68,0.889,1,57,7,False,2026-09-18 15:00:00,2026-09-18 19:00:00,38
REQ-01074,AST-ENG-121,Engineering,ALD-MGS,track_defect,Low,64,0.606,1,65,4,False,2026-09-27 02:00:00,2026-09-27 06:00:00,45
REQ-01075,AST-ENG-062,Engineering,PUNE-DD,track_defect,Medium,80,0.341,1,40,0,True,2026-09-09 23:00:00,2026-09-10 03:00:00,38
REQ-01076,AST-ENG-028,Engineering,HWH-BWN,track_defect,Low,17,0.617,1,57,5,False,2026-09-24 00:00:00,2026-09-24 05:00:00,46
REQ-01077,AST-TRD-060,Traction Distribution,MAS-AJJ,traction_fault,Low,74,0.614,1,96,3,True,2026-09-29 22:00:00,2026-09-30 00:00:00,44
REQ-01078,AST-TRD-071,Traction Distribution,PUNE-DD,traction_fault,Low,11,0.759,1,119,8,False,2026-09-22 02:00:00,2026-09-22 07:00:00,38
REQ-01079,AST-SNT-029,Signal & Telecom,HWH-BWN,signal_fault,Medium,14,0.635,1,43,5,False,2026-09-08 11:00:00,2026-09-08 13:00:00,46
REQ-01080,AST-SNT-114,Signal & Telecom,JP-AII,signal_fault,Medium,42,0.484,1,27,4,True,2026-09-14 23:00:00,2026-09-15 04:00:00,35
REQ-01081,AST-SNT-103,Signal & Telecom,BPL-ET,signal_fault,Low,36,0.516,1,58,3,False,2026-09-27 13:00:00,2026-09-27 18:00:00,41
REQ-01082,AST-TRD-166,Traction Distribution,BZA-VSKP,traction_fault,Low,48,0.596,0,136,6,False,2026-10-02 23:00:00,2026-10-03 01:00:00,41
REQ-01083,AST-TRD-012,Traction Distribution,NDLS-GZB,traction_fault,Low,67,0.878,1,162,6,True,2026-09-17 00:00:00,2026-09-17 05:00:00,48
REQ-01084,AST-SNT-152,Signal & Telecom,TVC-QLN,signal_fault,Low,20,0.566,1,44,3,True,2026-09-27 23:00:00,2026-09-28 02:00:00,35
REQ-01085,AST-ENG-039,Engineering,SBC-JTJ,track_defect,Low,42,0.232,0,47,0,False,2026-10-06 02:00:00,2026-10-06 04:00:00,38
REQ-01086,AST-SNT-092,Signal & Telecom,LKO-CNB,signal_fault,Low,11,0.618,1,42,5,True,2026-09-27 00:00:00,2026-09-27 05:00:00,40
REQ-01087,AST-TRD-120,Traction Distribution,JP-AII,traction_fault,Medium,51,0.602,1,133,5,False,2026-09-08 11:00:00,2026-09-08 14:00:00,35
REQ-01088,AST-SNT-125,Signal & Telecom,ALD-MGS,signal_fault,Medium,60,0.171,1,15,0,False,2026-09-08 13:00:00,2026-09-08 15:00:00,45
REQ-01089,AST-TRD-035,Traction Distribution,HWH-BWN,traction_fault,Low,73,0.752,0,176,4,True,2026-10-03 02:00:00,2026-10-03 04:00:00,46
REQ-01090,AST-SNT-115,Signal & Telecom,JP-AII,signal_fault,Low,10,0.845,0,64,6,True,2026-10-02 11:00:00,2026-10-02 13:00:00,35
REQ-01091,AST-TRD-084,Traction Distribution,ADI-BRC,traction_fault,Low,27,0.871,1,153,6,False,2026-09-17 22:00:00,2026-09-18 02:00:00,42
REQ-01092,AST-TRD-132,Traction Distribution,ALD-MGS,traction_fault,Medium,14,0.798,1,158,7,False,2026-09-25 04:00:00,2026-09-25 08:00:00,45
REQ-01093,AST-SNT-151,Signal & Telecom,TVC-QLN,signal_fault,Low,60,0.28,1,24,3,False,2026-09-13 00:00:00,2026-09-13 03:00:00,35
REQ-01094,AST-SNT-020,Signal & Telecom,CSMT-KYN,signal_fault,Low,20,0.447,1,24,3,False,2026-09-15 04:00:00,2026-09-15 09:00:00,48
REQ-01095,AST-ENG-064,Engineering,PUNE-DD,track_defect,High,71,0.651,1,48,6,False,2026-09-24 04:00:00,2026-09-24 09:00:00,38
REQ-01096,AST-ENG-110,Engineering,JP-AII,track_defect,Medium,11,0.299,1,30,0,False,2026-09-08 04:00:00,2026-09-08 06:00:00,35
REQ-01097,AST-SNT-125,Signal & Telecom,ALD-MGS,signal_fault,Low,79,0.127,1,33,0,False,2026-09-26 22:00:00,2026-09-27 01:00:00,45
REQ-01098,AST-TRD-096,Traction Distribution,LKO-CNB,traction_fault,Low,76,0.386,1,95,2,True,2026-09-09 00:00:00,2026-09-09 02:00:00,40
REQ-01099,AST-ENG-014,Engineering,CSMT-KYN,track_defect,Low,46,0.566,1,53,2,False,2026-09-29 13:00:00,2026-09-29 18:00:00,48
REQ-01100,AST-SNT-151,Signal & Telecom,TVC-QLN,signal_fault,Low,47,0.267,0,42,3,False,2026-10-01 23:00:00,2026-10-02 02:00:00,35
REQ-01101,AST-TRD-129,Traction Distribution,ALD-MGS,traction_fault,Medium,47,0.598,1,94,5,False,2026-09-15 23:00:00,2026-09-16 04:00:00,45
REQ-01102,AST-ENG-028,Engineering,HWH-BWN,track_defect,Low,58,0.623,1,59,5,False,2026-09-26 00:00:00,2026-09-26 03:00:00,46
REQ-01103,AST-SNT-116,Signal & Telecom,JP-AII,signal_fault,Medium,15,0.441,1,23,3,False,2026-09-09 13:00:00,2026-09-09 17:00:00,35
REQ-01104,AST-TRD-108,Traction Distribution,BPL-ET,traction_fault,Medium,57,0.694,1,120,5,False,2026-09-14 11:00:00,2026-09-14 13:00:00,41
REQ-01105,AST-TRD-023,Traction Distribution,CSMT-KYN,traction_fault,Medium,24,0.769,1,142,6,False,2026-09-26 15:00:00,2026-09-26 18:00:00,48
REQ-01106,AST-SNT-125,Signal & Telecom,ALD-MGS,signal_fault,Low,2,0.13,1,35,0,False,2026-09-28 11:00:00,2026-09-28 15:00:00,45
REQ-01107,AST-TRD-024,Traction Distribution,CSMT-KYN,traction_fault,Low,78,0.529,0,129,5,True,2026-10-02 04:00:00,2026-10-02 09:00:00,48
REQ-01108,AST-SNT-031,Signal & Telecom,HWH-BWN,signal_fault,Medium,16,0.774,1,51,5,False,2026-09-28 00:00:00,2026-09-28 02:00:00,46
REQ-01109,AST-SNT-055,Signal & Telecom,MAS-AJJ,signal_fault,Medium,24,0.848,1,40,5,True,2026-09-13 22:00:00,2026-09-14 02:00:00,44
REQ-01110,AST-TRD-156,Traction Distribution,TVC-QLN,traction_fault,Low,53,0.826,0,170,5,False,2026-10-05 23:00:00,2026-10-06 01:00:00,35
REQ-01111,AST-ENG-004,Engineering,NDLS-GZB,track_defect,Low,77,0.699,0,74,5,True,2026-10-06 04:00:00,2026-10-06 07:00:00,48
REQ-01112,AST-TRD-096,Traction Distribution,LKO-CNB,traction_fault,Low,32,0.458,1,109,2,False,2026-09-23 02:00:00,2026-09-23 04:00:00,40
REQ-01113,AST-SNT-139,Signal & Telecom,GHY-NJP,signal_fault,Medium,45,0.555,1,32,4,False,2026-09-21 15:00:00,2026-09-21 20:00:00,34
REQ-01114,AST-SNT-128,Signal & Telecom,ALD-MGS,signal_fault,Low,75,0.394,0,50,1,False,2026-10-05 15:00:00,2026-10-05 18:00:00,45
REQ-01115,AST-TRD-069,Traction Distribution,PUNE-DD,traction_fault,Medium,20,0.423,1,90,2,False,2026-09-14 02:00:00,2026-09-14 05:00:00,38
REQ-01116,AST-TRD-168,Traction Distribution,BZA-VSKP,traction_fault,Medium,25,0.739,1,126,4,False,2026-09-13 22:00:00,2026-09-14 01:00:00,41
REQ-01117,AST-SNT-114,Signal & Telecom,JP-AII,signal_fault,Medium,27,0.492,1,35,4,False,2026-09-22 00:00:00,2026-09-22 05:00:00,35
REQ-01118,AST-SNT-176,Signal & Telecom,NGP-BSL,signal_fault,Low,39,0.695,1,56,5,True,2026-09-26 23:00:00,2026-09-27 02:00:00,38
REQ-01119,AST-ENG-025,Engineering,HWH-BWN,track_defect,Low,78,0.972,1,54,9,True,2026-09-21 11:00:00,2026-09-21 15:00:00,46
REQ-01120,AST-SNT-041,Signal & Telecom,SBC-JTJ,signal_fault,Medium,45,0.439,1,33,3,True,2026-09-17 04:00:00,2026-09-17 06:00:00,38
REQ-01121,AST-SNT-008,Signal & Telecom,NDLS-GZB,signal_fault,Low,53,0.462,1,42,1,True,2026-09-15 04:00:00,2026-09-15 06:00:00,48
REQ-01122,AST-SNT-090,Signal & Telecom,LKO-CNB,signal_fault,Low,15,0.59,1,53,5,True,2026-09-20 04:00:00,2026-09-20 08:00:00,40
REQ-01123,AST-SNT-055,Signal & Telecom,MAS-AJJ,signal_fault,Medium,75,0.873,1,53,5,False,2026-09-26 04:00:00,2026-09-26 07:00:00,44
REQ-01124,AST-TRD-108,Traction Distribution,BPL-ET,traction_fault,Medium,64,0.636,0,140,5,True,2026-10-04 11:00:00,2026-10-04 13:00:00,41
REQ-01125,AST-SNT-102,Signal & Telecom,BPL-ET,signal_fault,Medium,39,0.581,1,42,3,False,2026-09-22 11:00:00,2026-09-22 16:00:00,41
REQ-01126,AST-SNT-054,Signal & Telecom,MAS-AJJ,signal_fault,Low,37,0.428,1,16,2,False,2026-09-07 22:00:00,2026-09-08 01:00:00,44
REQ-01127,AST-SNT-080,Signal & Telecom,ADI-BRC,signal_fault,Medium,2,0.823,1,65,5,True,2026-09-25 11:00:00,2026-09-25 14:00:00,42
REQ-01128,AST-SNT-174,Signal & Telecom,NGP-BSL,signal_fault,Medium,39,0.548,1,30,4,True,2026-09-07 22:00:00,2026-09-08 00:00:00,38
REQ-01129,AST-SNT-091,Signal & Telecom,LKO-CNB,signal_fault,Low,72,0.396,1,45,4,False,2026-09-30 00:00:00,2026-09-30 05:00:00,40
REQ-01130,AST-SNT-091,Signal & Telecom,LKO-CNB,signal_fault,High,44,0.393,0,47,4,False,2026-10-02 02:00:00,2026-10-02 07:00:00,40
REQ-01131,AST-SNT-018,Signal & Telecom,CSMT-KYN,signal_fault,Low,3,0.457,1,64,1,True,2026-09-24 00:00:00,2026-09-24 05:00:00,48
REQ-01132,AST-TRD-033,Traction Distribution,HWH-BWN,traction_fault,Low,69,0.652,1,117,6,True,2026-09-18 13:00:00,2026-09-18 16:00:00,46
REQ-01133,AST-ENG-014,Engineering,CSMT-KYN,track_defect,Low,24,0.513,1,31,2,False,2026-09-07 23:00:00,2026-09-08 03:00:00,48
REQ-01134,AST-ENG-086,Engineering,LKO-CNB,track_defect,Low,22,0.582,0,56,6,False,2026-10-04 00:00:00,2026-10-04 05:00:00,40
REQ-01135,AST-TRD-033,Traction Distribution,HWH-BWN,traction_fault,Low,48,0.666,0,133,6,False,2026-10-04 22:00:00,2026-10-05 01:00:00,46
REQ-01136,AST-ENG-064,Engineering,PUNE-DD,track_defect,Low,37,0.713,1,51,6,False,2026-09-27 23:00:00,2026-09-28 01:00:00,38
REQ-01137,AST-SNT-017,Signal & Telecom,CSMT-KYN,signal_fault,Low,2,0.271,1,42,0,False,2026-09-19 15:00:00,2026-09-19 17:00:00,48
REQ-01138,AST-SNT-149,Signal & Telecom,TVC-QLN,signal_fault,Medium,30,0.601,1,29,7,True,2026-09-15 11:00:00,2026-09-15 13:00:00,35
REQ-01139,AST-SNT-066,Signal & Telecom,PUNE-DD,signal_fault,Medium,43,0.397,1,39,4,True,2026-09-30 00:00:00,2026-09-30 04:00:00,38
REQ-01140,AST-ENG-016,Engineering,CSMT-KYN,track_defect,Medium,20,0.877,1,48,5,False,2026-09-19 15:00:00,2026-09-19 20:00:00,48
REQ-01141,AST-TRD-072,Traction Distribution,PUNE-DD,traction_fault,Low,44,0.716,1,94,7,False,2026-09-18 04:00:00,2026-09-18 06:00:00,38
REQ-01142,AST-TRD-154,Traction Distribution,TVC-QLN,traction_fault,High,0,0.579,1,127,4,False,2026-09-13 04:00:00,2026-09-13 08:00:00,35
REQ-01143,AST-TRD-024,Traction Distribution,CSMT-KYN,traction_fault,Low,51,0.554,1,124,5,False,2026-09-27 23:00:00,2026-09-28 02:00:00,48
REQ-01144,AST-SNT-149,Signal & Telecom,TVC-QLN,signal_fault,Medium,1,0.629,1,28,7,True,2026-09-14 15:00:00,2026-09-14 19:00:00,35
REQ-01145,AST-ENG-097,Engineering,BPL-ET,track_defect,Low,57,0.248,1,45,2,False,2026-09-28 22:00:00,2026-09-29 02:00:00,41
REQ-01146,AST-ENG-064,Engineering,PUNE-DD,track_defect,Low,11,0.677,1,42,6,False,2026-09-18 23:00:00,2026-09-19 04:00:00,38
REQ-01147,AST-ENG-158,Engineering,BZA-VSKP,track_defect,Low,80,0.383,1,18,2,False,2026-09-10 23:00:00,2026-09-11 03:00:00,41
REQ-01148,AST-TRD-072,Traction Distribution,PUNE-DD,traction_fault,Medium,74,0.749,0,108,7,True,2026-10-02 02:00:00,2026-10-02 05:00:00,38
REQ-01149,AST-TRD-094,Traction Distribution,LKO-CNB,traction_fault,Low,20,0.32,1,106,0,False,2026-09-09 02:00:00,2026-09-09 07:00:00,40
REQ-01150,AST-SNT-055,Signal & Telecom,MAS-AJJ,signal_fault,High,57,0.843,1,36,5,True,2026-09-09 02:00:00,2026-09-09 05:00:00,44
REQ-01151,AST-SNT-137,Signal & Telecom,GHY-NJP,signal_fault,Medium,59,0.432,1,34,3,False,2026-09-11 23:00:00,2026-09-12 02:00:00,34
REQ-01152,AST-SNT-102,Signal & Telecom,BPL-ET,signal_fault,Medium,6,0.539,1,47,3,False,2026-09-27 00:00:00,2026-09-27 04:00:00,41
REQ-01153,AST-TRD-132,Traction Distribution,ALD-MGS,traction_fault,Low,37,0.749,1,157,7,False,2026-09-24 04:00:00,2026-09-24 09:00:00,45
REQ-01154,AST-TRD-093,Traction Distribution,LKO-CNB,traction_fault,Low,36,0.334,1,142,1,False,2026-09-30 00:00:00,2026-09-30 04:00:00,40
REQ-01155,AST-TRD-010,Traction Distribution,NDLS-GZB,traction_fault,Low,8,0.597,0,105,5,False,2026-10-04 11:00:00,2026-10-04 15:00:00,48
REQ-01156,AST-TRD-070,Traction Distribution,PUNE-DD,traction_fault,Low,10,0.375,1,123,3,False,2026-09-27 15:00:00,2026-09-27 20:00:00,38
REQ-01157,AST-SNT-137,Signal & Telecom,GHY-NJP,signal_fault,Medium,56,0.375,1,46,3,False,2026-09-23 23:00:00,2026-09-24 04:00:00,34
REQ-01158,AST-ENG-025,Engineering,HWH-BWN,track_defect,Low,1,0.953,0,68,9,False,2026-10-05 13:00:00,2026-10-05 16:00:00,46
REQ-01159,AST-ENG-039,Engineering,SBC-JTJ,track_defect,Low,62,0.235,1,33,0,False,2026-09-22 15:00:00,2026-09-22 19:00:00,38
REQ-01160,AST-SNT-008,Signal & Telecom,NDLS-GZB,signal_fault,High,57,0.423,1,38,1,True,2026-09-11 15:00:00,2026-09-11 19:00:00,48
REQ-01161,AST-SNT-031,Signal & Telecom,HWH-BWN,signal_fault,High,34,0.728,1,49,5,False,2026-09-26 04:00:00,2026-09-26 08:00:00,46
REQ-01162,AST-TRD-036,Traction Distribution,HWH-BWN,traction_fault,Low,68,0.591,0,168,5,True,2026-10-03 04:00:00,2026-10-03 07:00:00,46
REQ-01163,AST-ENG-003,Engineering,NDLS-GZB,track_defect,Low,51,0.274,1,25,1,False,2026-09-17 04:00:00,2026-09-17 09:00:00,48
REQ-01164,AST-SNT-032,Signal & Telecom,HWH-BWN,signal_fault,Low,8,0.695,1,29,6,True,2026-09-13 00:00:00,2026-09-13 04:00:00,46
REQ-01165,AST-SNT-030,Signal & Telecom,HWH-BWN,signal_fault,Low,14,0.323,1,24,1,False,2026-09-18 23:00:00,2026-09-19 02:00:00,46
REQ-01166,AST-ENG-016,Engineering,CSMT-KYN,track_defect,Low,24,0.908,0,65,5,False,2026-10-06 00:00:00,2026-10-06 05:00:00,48
REQ-01167,AST-SNT-150,Signal & Telecom,TVC-QLN,signal_fault,Low,45,0.654,1,42,7,True,2026-09-11 23:00:00,2026-09-12 03:00:00,35
REQ-01168,AST-SNT-140,Signal & Telecom,GHY-NJP,signal_fault,Medium,46,0.492,1,39,3,False,2026-09-24 15:00:00,2026-09-24 19:00:00,34
REQ-01169,AST-ENG-051,Engineering,MAS-AJJ,track_defect,Low,3,0.6,0,67,3,False,2026-10-01 04:00:00,2026-10-01 09:00:00,44
REQ-01170,AST-SNT-020,Signal & Telecom,CSMT-KYN,signal_fault,High,46,0.444,1,39,3,True,2026-09-30 23:00:00,2026-10-01 01:00:00,48
REQ-01171,AST-SNT-104,Signal & Telecom,BPL-ET,signal_fault,Low,35,0.351,1,33,2,True,2026-09-10 13:00:00,2026-09-10 15:00:00,41
REQ-01172,AST-TRD-166,Traction Distribution,BZA-VSKP,traction_fault,Low,63,0.601,1,118,6,False,2026-09-14 23:00:00,2026-09-15 03:00:00,41
REQ-01173,AST-TRD-012,Traction Distribution,NDLS-GZB,traction_fault,High,67,0.944,1,171,6,False,2026-09-26 11:00:00,2026-09-26 14:00:00,48
REQ-01174,AST-ENG-146,Engineering,TVC-QLN,track_defect,Low,51,0.582,1,35,6,False,2026-09-15 11:00:00,2026-09-15 13:00:00,35
REQ-01175,AST-SNT-163,Signal & Telecom,BZA-VSKP,signal_fault,Low,49,0.293,1,28,3,False,2026-09-21 02:00:00,2026-09-21 07:00:00,41
REQ-01176,AST-ENG-061,Engineering,PUNE-DD,track_defect,Low,62,0.469,1,42,4,False,2026-09-26 00:00:00,2026-09-26 04:00:00,38
REQ-01177,AST-ENG-134,Engineering,GHY-NJP,track_defect,Low,20,0.481,0,68,2,False,2026-10-04 22:00:00,2026-10-05 02:00:00,34
REQ-01178,AST-SNT-005,Signal & Telecom,NDLS-GZB,signal_fault,Low,51,0.49,1,56,3,True,2026-09-16 15:00:00,2026-09-16 19:00:00,48
REQ-01179,AST-TRD-093,Traction Distribution,LKO-CNB,traction_fault,Medium,51,0.388,0,146,1,False,2026-10-04 02:00:00,2026-10-04 05:00:00,40
REQ-01180,AST-SNT-089,Signal & Telecom,LKO-CNB,signal_fault,Medium,26,0.277,1,52,1,False,2026-09-30 22:00:00,2026-10-01 03:00:00,40
REQ-01181,AST-TRD-156,Traction Distribution,TVC-QLN,traction_fault,Medium,70,0.83,1,165,5,False,2026-09-30 22:00:00,2026-10-01 03:00:00,35
REQ-01182,AST-ENG-110,Engineering,JP-AII,track_defect,Medium,7,0.241,1,48,0,False,2026-09-26 02:00:00,2026-09-26 05:00:00,35
REQ-01183,AST-SNT-091,Signal & Telecom,LKO-CNB,signal_fault,Medium,7,0.436,0,49,4,True,2026-10-04 15:00:00,2026-10-04 17:00:00,40
REQ-01184,AST-TRD-118,Traction Distribution,JP-AII,traction_fault,Medium,75,0.388,0,167,1,False,2026-10-01 22:00:00,2026-10-02 00:00:00,35
REQ-01185,AST-SNT-125,Signal & Telecom,ALD-MGS,signal_fault,Medium,16,0.142,0,43,0,False,2026-10-06 13:00:00,2026-10-06 18:00:00,45
REQ-01186,AST-ENG-086,Engineering,LKO-CNB,track_defect,Low,76,0.555,1,51,6,False,2026-09-29 04:00:00,2026-09-29 07:00:00,40
REQ-01187,AST-ENG-073,Engineering,ADI-BRC,track_defect,Medium,66,0.875,1,55,6,False,2026-09-16 23:00:00,2026-09-17 01:00:00,42
REQ-01188,AST-TRD-060,Traction Distribution,MAS-AJJ,traction_fault,Low,70,0.607,0,100,3,False,2026-10-03 13:00:00,2026-10-03 18:00:00,44
REQ-01189,AST-SNT-090,Signal & Telecom,LKO-CNB,signal_fault,Low,32,0.583,1,47,5,False,2026-09-14 00:00:00,2026-09-14 02:00:00,40
REQ-01190,AST-SNT-056,Signal & Telecom,MAS-AJJ,signal_fault,Low,38,0.626,1,67,4,False,2026-09-27 23:00:00,2026-09-28 01:00:00,44
REQ-01191,AST-SNT-174,Signal & Telecom,NGP-BSL,signal_fault,Medium,3,0.593,1,39,4,False,2026-09-16 22:00:00,2026-09-17 01:00:00,38
REQ-01192,AST-SNT-137,Signal & Telecom,GHY-NJP,signal_fault,Low,41,0.357,1,50,3,False,2026-09-27 11:00:00,2026-09-27 13:00:00,34
REQ-01193,AST-SNT-054,Signal & Telecom,MAS-AJJ,signal_fault,Medium,76,0.461,1,31,2,False,2026-09-22 02:00:00,2026-09-22 06:00:00,44
REQ-01194,AST-ENG-109,Engineering,JP-AII,track_defect,Low,74,0.676,1,33,6,False,2026-09-20 13:00:00,2026-09-20 18:00:00,35
REQ-01195,AST-ENG-157,Engineering,BZA-VSKP,track_defect,Low,44,0.525,1,30,2,False,2026-09-10 15:00:00,2026-09-10 17:00:00,41
REQ-01196,AST-SNT-031,Signal & Telecom,HWH-BWN,signal_fault,Low,44,0.742,1,48,5,False,2026-09-25 00:00:00,2026-09-25 03:00:00,46
REQ-01197,AST-ENG-169,Engineering,NGP-BSL,track_defect,Low,84,0.47,1,35,5,True,2026-09-29 04:00:00,2026-09-29 08:00:00,38
REQ-01198,AST-SNT-054,Signal & Telecom,MAS-AJJ,signal_fault,Low,5,0.408,1,27,2,False,2026-09-18 22:00:00,2026-09-19 02:00:00,44
REQ-01199,AST-ENG-051,Engineering,MAS-AJJ,track_defect,High,15,0.643,1,59,3,False,2026-09-23 02:00:00,2026-09-23 05:00:00,44
REQ-01200,AST-ENG-028,Engineering,HWH-BWN,track_defect,Low,0,0.605,0,64,5,False,2026-10-01 02:00:00,2026-10-01 05:00:00,46
REQ-01201,AST-SNT-164,Signal & Telecom,BZA-VSKP,signal_fault,Low,27,0.63,1,48,3,True,2026-09-17 13:00:00,2026-09-17 17:00:00,41
REQ-01202,AST-SNT-137,Signal & Telecom,GHY-NJP,signal_fault,Low,52,0.427,1,41,3,False,2026-09-18 02:00:00,2026-09-18 06:00:00,34
REQ-01203,AST-SNT-005,Signal & Telecom,NDLS-GZB,signal_fault,Low,61,0.537,1,51,3,False,2026-09-11 13:00:00,2026-09-11 17:00:00,48
REQ-01204,AST-SNT-079,Signal & Telecom,ADI-BRC,signal_fault,Low,11,0.323,1,38,2,True,2026-09-17 04:00:00,2026-09-17 06:00:00,42
REQ-01205,AST-SNT-101,Signal & Telecom,BPL-ET,signal_fault,Medium,73,0.488,1,42,3,True,2026-09-14 11:00:00,2026-09-14 13:00:00,41
REQ-01206,AST-ENG-171,Engineering,NGP-BSL,track_defect,Low,57,0.666,1,44,3,False,2026-09-09 02:00:00,2026-09-09 05:00:00,38
REQ-01207,AST-TRD-095,Traction Distribution,LKO-CNB,traction_fault,Medium,25,0.724,1,136,7,False,2026-09-18 13:00:00,2026-09-18 17:00:00,40
REQ-01208,AST-TRD-093,Traction Distribution,LKO-CNB,traction_fault,Low,13,0.386,0,147,1,False,2026-10-05 15:00:00,2026-10-05 18:00:00,40
REQ-01209,AST-TRD-010,Traction Distribution,NDLS-GZB,traction_fault,Low,63,0.569,1,101,5,False,2026-09-30 02:00:00,2026-09-30 05:00:00,48
REQ-01210,AST-ENG-133,Engineering,GHY-NJP,track_defect,Low,42,0.702,1,49,6,False,2026-09-11 11:00:00,2026-09-11 15:00:00,34
REQ-01211,AST-ENG-025,Engineering,HWH-BWN,track_defect,Low,33,0.882,1,42,9,False,2026-09-09 22:00:00,2026-09-10 00:00:00,46
REQ-01212,AST-ENG-146,Engineering,TVC-QLN,track_defect,Low,21,0.594,1,42,6,False,2026-09-22 22:00:00,2026-09-23 00:00:00,35
REQ-01213,AST-TRD-011,Traction Distribution,NDLS-GZB,traction_fault,Medium,1,0.596,0,108,6,False,2026-10-02 00:00:00,2026-10-02 05:00:00,48
REQ-01214,AST-TRD-057,Traction Distribution,MAS-AJJ,traction_fault,Low,77,0.412,1,109,3,True,2026-09-08 02:00:00,2026-09-08 06:00:00,44
REQ-01215,AST-SNT-149,Signal & Telecom,TVC-QLN,signal_fault,Medium,4,0.598,1,24,7,False,2026-09-10 02:00:00,2026-09-10 05:00:00,35
REQ-01216,AST-ENG-037,Engineering,SBC-JTJ,track_defect,Medium,41,0.72,1,38,7,False,2026-09-12 15:00:00,2026-09-12 17:00:00,38
REQ-01217,AST-SNT-163,Signal & Telecom,BZA-VSKP,signal_fault,Low,23,0.309,1,37,3,True,2026-09-30 13:00:00,2026-09-30 17:00:00,41
REQ-01218,AST-ENG-159,Engineering,BZA-VSKP,track_defect,High,73,0.308,1,30,4,False,2026-09-23 11:00:00,2026-09-23 13:00:00,41
REQ-01219,AST-ENG-110,Engineering,JP-AII,track_defect,Low,49,0.292,0,53,0,False,2026-10-01 00:00:00,2026-10-01 03:00:00,35
REQ-01220,AST-TRD-059,Traction Distribution,MAS-AJJ,traction_fault,Low,41,0.665,1,90,3,False,2026-09-12 00:00:00,2026-09-12 02:00:00,44
REQ-01221,AST-SNT-175,Signal & Telecom,NGP-BSL,signal_fault,Low,13,0.418,1,46,3,False,2026-09-23 23:00:00,2026-09-24 03:00:00,38
REQ-01222,AST-TRD-036,Traction Distribution,HWH-BWN,traction_fault,High,79,0.65,1,156,5,False,2026-09-21 02:00:00,2026-09-21 05:00:00,46
REQ-01223,AST-TRD-081,Traction Distribution,ADI-BRC,traction_fault,Low,62,0.574,1,153,2,False,2026-09-20 11:00:00,2026-09-20 14:00:00,42
REQ-01224,AST-TRD-153,Traction Distribution,TVC-QLN,traction_fault,Medium,53,0.419,1,110,4,False,2026-09-17 02:00:00,2026-09-17 07:00:00,35
REQ-01225,AST-ENG-025,Engineering,HWH-BWN,track_defect,Medium,59,0.93,1,55,9,False,2026-09-22 15:00:00,2026-09-22 19:00:00,46
REQ-01226,AST-TRD-011,Traction Distribution,NDLS-GZB,traction_fault,Low,60,0.596,1,85,6,False,2026-09-09 15:00:00,2026-09-09 20:00:00,48
REQ-01227,AST-TRD-059,Traction Distribution,MAS-AJJ,traction_fault,Low,60,0.596,1,99,3,False,2026-09-21 13:00:00,2026-09-21 18:00:00,44
REQ-01228,AST-SNT-079,Signal & Telecom,ADI-BRC,signal_fault,Low,15,0.387,1,37,2,False,2026-09-16 22:00:00,2026-09-17 01:00:00,42
REQ-01229,AST-SNT-174,Signal & Telecom,NGP-BSL,signal_fault,Medium,65,0.562,0,56,4,False,2026-10-03 23:00:00,2026-10-04 03:00:00,38
REQ-01230,AST-SNT-128,Signal & Telecom,ALD-MGS,signal_fault,Low,74,0.36,1,37,1,False,2026-09-22 02:00:00,2026-09-22 07:00:00,45
REQ-01231,AST-SNT-127,Signal & Telecom,ALD-MGS,signal_fault,Low,67,0.733,1,46,7,False,2026-09-28 02:00:00,2026-09-28 04:00:00,45
REQ-01232,AST-TRD-082,Traction Distribution,ADI-BRC,traction_fault,Low,12,0.376,1,133,1,False,2026-09-29 02:00:00,2026-09-29 05:00:00,42
REQ-01233,AST-SNT-041,Signal & Telecom,SBC-JTJ,signal_fault,Low,29,0.382,1,33,3,False,2026-09-17 11:00:00,2026-09-17 16:00:00,38
REQ-01234,AST-SNT-162,Signal & Telecom,BZA-VSKP,signal_fault,Low,72,0.272,1,33,1,False,2026-09-20 23:00:00,2026-09-21 03:00:00,41
REQ-01235,AST-TRD-154,Traction Distribution,TVC-QLN,traction_fault,Medium,12,0.591,1,139,4,False,2026-09-25 13:00:00,2026-09-25 18:00:00,35
REQ-01236,AST-TRD-131,Traction Distribution,ALD-MGS,traction_fault,Low,68,0.502,1,107,4,False,2026-09-26 22:00:00,2026-09-27 03:00:00,45
REQ-01237,AST-ENG-026,Engineering,HWH-BWN,track_defect,Medium,70,0.358,0,45,4,False,2026-10-01 23:00:00,2026-10-02 01:00:00,46
REQ-01238,AST-TRD-096,Traction Distribution,LKO-CNB,traction_fault,Low,19,0.371,1,108,2,False,2026-09-22 11:00:00,2026-09-22 14:00:00,40
REQ-01239,AST-TRD-144,Traction Distribution,GHY-NJP,traction_fault,Low,79,0.37,1,119,2,False,2026-09-08 02:00:00,2026-09-08 07:00:00,34
REQ-01240,AST-ENG-028,Engineering,HWH-BWN,track_defect,Low,46,0.581,1,52,5,False,2026-09-19 15:00:00,2026-09-19 18:00:00,46
REQ-01241,AST-ENG-112,Engineering,JP-AII,track_defect,Medium,18,0.792,1,28,7,False,2026-09-10 02:00:00,2026-09-10 07:00:00,35
REQ-01242,AST-TRD-045,Traction Distribution,SBC-JTJ,traction_fault,Low,52,0.39,1,97,2,False,2026-09-16 23:00:00,2026-09-17 04:00:00,38
REQ-01243,AST-ENG-099,Engineering,BPL-ET,track_defect,Medium,74,0.597,1,29,5,False,2026-09-17 00:00:00,2026-09-17 02:00:00,41
REQ-01244,AST-SNT-173,Signal & Telecom,NGP-BSL,signal_fault,Medium,49,0.744,0,76,6,False,2026-10-06 02:00:00,2026-10-06 07:00:00,38
REQ-01245,AST-TRD-167,Traction Distribution,BZA-VSKP,traction_fault,High,12,0.646,1,90,6,False,2026-09-19 23:00:00,2026-09-20 04:00:00,41
REQ-01246,AST-ENG-028,Engineering,HWH-BWN,track_defect,Low,2,0.6,1,57,5,False,2026-09-24 13:00:00,2026-09-24 16:00:00,46
REQ-01247,AST-ENG-025,Engineering,HWH-BWN,track_defect,Low,16,0.95,1,49,9,False,2026-09-16 22:00:00,2026-09-17 03:00:00,46
REQ-01248,AST-ENG-109,Engineering,JP-AII,track_defect,Medium,10,0.627,1,41,6,False,2026-09-28 23:00:00,2026-09-29 04:00:00,35
REQ-01249,AST-ENG-159,Engineering,BZA-VSKP,track_defect,Medium,15,0.324,1,19,4,False,2026-09-12 00:00:00,2026-09-12 05:00:00,41
REQ-01250,AST-TRD-118,Traction Distribution,JP-AII,traction_fault,Medium,19,0.419,1,155,1,False,2026-09-19 15:00:00,2026-09-19 19:00:00,35
REQ-01251,AST-ENG-002,Engineering,NDLS-GZB,track_defect,Low,35,0.607,1,37,6,False,2026-09-25 00:00:00,2026-09-25 03:00:00,48
REQ-01252,AST-ENG-063,Engineering,PUNE-DD,track_defect,Low,16,0.341,0,62,2,False,2026-10-02 00:00:00,2026-10-02 04:00:00,38
REQ-01253,AST-ENG-076,Engineering,ADI-BRC,track_defect,Medium,63,0.288,1,24,3,False,2026-09-18 15:00:00,2026-09-18 20:00:00,42
REQ-01254,AST-SNT-127,Signal & Telecom,ALD-MGS,signal_fault,Medium,76,0.784,1,32,7,False,2026-09-14 11:00:00,2026-09-14 14:00:00,45
REQ-01255,AST-SNT-114,Signal & Telecom,JP-AII,signal_fault,Medium,49,0.489,1,22,4,False,2026-09-09 02:00:00,2026-09-09 06:00:00,35
REQ-01256,AST-TRD-035,Traction Distribution,HWH-BWN,traction_fault,Low,49,0.787,1,150,4,False,2026-09-07 15:00:00,2026-09-07 17:00:00,46
REQ-01257,AST-TRD-168,Traction Distribution,BZA-VSKP,traction_fault,High,31,0.734,1,133,4,False,2026-09-20 22:00:00,2026-09-21 02:00:00,41
REQ-01258,AST-SNT-091,Signal & Telecom,LKO-CNB,signal_fault,Low,18,0.381,1,40,4,False,2026-09-25 00:00:00,2026-09-25 04:00:00,40
REQ-01259,AST-SNT-077,Signal & Telecom,ADI-BRC,signal_fault,Low,5,0.358,1,29,2,False,2026-09-17 02:00:00,2026-09-17 07:00:00,42
REQ-01260,AST-TRD-132,Traction Distribution,ALD-MGS,traction_fault,Low,65,0.764,1,146,7,True,2026-09-13 15:00:00,2026-09-13 20:00:00,45
REQ-01261,AST-ENG-145,Engineering,TVC-QLN,track_defect,Low,69,0.752,1,68,7,False,2026-09-28 15:00:00,2026-09-28 18:00:00,35
REQ-01262,AST-ENG-064,Engineering,PUNE-DD,track_defect,Low,17,0.691,1,44,6,False,2026-09-20 11:00:00,2026-09-20 16:00:00,38
REQ-01263,AST-SNT-151,Signal & Telecom,TVC-QLN,signal_fault,Low,4,0.273,1,20,3,False,2026-09-09 11:00:00,2026-09-09 15:00:00,35
REQ-01264,AST-TRD-060,Traction Distribution,MAS-AJJ,traction_fault,Low,3,0.613,1,92,3,False,2026-09-25 22:00:00,2026-09-26 01:00:00,44
REQ-01265,AST-SNT-018,Signal & Telecom,CSMT-KYN,signal_fault,Low,56,0.389,1,69,1,False,2026-09-29 02:00:00,2026-09-29 06:00:00,48
REQ-01266,AST-ENG-109,Engineering,JP-AII,track_defect,Medium,72,0.6,0,45,6,True,2026-10-02 23:00:00,2026-10-03 04:00:00,35
REQ-01267,AST-SNT-151,Signal & Telecom,TVC-QLN,signal_fault,Low,15,0.289,1,20,3,True,2026-09-09 13:00:00,2026-09-09 17:00:00,35
REQ-01268,AST-TRD-107,Traction Distribution,BPL-ET,traction_fault,Medium,29,0.397,1,87,2,False,2026-09-17 11:00:00,2026-09-17 16:00:00,41
REQ-01269,AST-SNT-116,Signal & Telecom,JP-AII,signal_fault,Low,33,0.487,1,37,3,False,2026-09-23 23:00:00,2026-09-24 02:00:00,35
REQ-01270,AST-ENG-121,Engineering,ALD-MGS,track_defect,High,34,0.574,1,67,4,False,2026-09-29 04:00:00,2026-09-29 09:00:00,45
REQ-01271,AST-TRD-165,Traction Distribution,BZA-VSKP,traction_fault,Low,24,0.671,1,176,3,False,2026-09-30 23:00:00,2026-10-01 03:00:00,41
REQ-01272,AST-ENG-099,Engineering,BPL-ET,track_defect,Medium,55,0.55,0,44,5,False,2026-10-02 22:00:00,2026-10-03 00:00:00,41
REQ-01273,AST-SNT-068,Signal & Telecom,PUNE-DD,signal_fault,Medium,55,0.74,1,59,7,False,2026-09-21 04:00:00,2026-09-21 07:00:00,38
REQ-01274,AST-TRD-132,Traction Distribution,ALD-MGS,traction_fault,Low,48,0.755,0,164,7,False,2026-10-01 13:00:00,2026-10-01 18:00:00,45
REQ-01275,AST-TRD-168,Traction Distribution,BZA-VSKP,traction_fault,Low,71,0.817,0,146,4,False,2026-10-03 02:00:00,2026-10-03 05:00:00,41
REQ-01276,AST-TRD-058,Traction Distribution,MAS-AJJ,traction_fault,Low,66,0.605,0,108,6,False,2026-10-03 13:00:00,2026-10-03 16:00:00,44
REQ-01277,AST-ENG-111,Engineering,JP-AII,track_defect,Low,75,0.445,1,53,4,False,2026-09-14 22:00:00,2026-09-15 01:00:00,35
REQ-01278,AST-SNT-041,Signal & Telecom,SBC-JTJ,signal_fault,High,21,0.416,1,23,3,False,2026-09-07 11:00:00,2026-09-07 15:00:00,38
REQ-01279,AST-ENG-100,Engineering,BPL-ET,track_defect,Low,52,0.606,1,40,4,False,2026-09-20 22:00:00,2026-09-21 00:00:00,41
REQ-01280,AST-TRD-058,Traction Distribution,MAS-AJJ,traction_fault,Low,69,0.658,1,86,6,False,2026-09-11 00:00:00,2026-09-11 04:00:00,44
REQ-01281,AST-ENG-050,Engineering,MAS-AJJ,track_defect,Low,2,0.509,1,65,2,False,2026-09-28 04:00:00,2026-09-28 06:00:00,44
REQ-01282,AST-TRD-096,Traction Distribution,LKO-CNB,traction_fault,High,24,0.454,0,118,2,False,2026-10-02 00:00:00,2026-10-02 02:00:00,40
REQ-01283,AST-ENG-014,Engineering,CSMT-KYN,track_defect,Low,69,0.587,1,41,2,False,2026-09-17 13:00:00,2026-09-17 15:00:00,48
REQ-01284,AST-SNT-079,Signal & Telecom,ADI-BRC,signal_fault,High,1,0.341,0,56,2,False,2026-10-05 15:00:00,2026-10-05 17:00:00,42
REQ-01285,AST-ENG-158,Engineering,BZA-VSKP,track_defect,Low,78,0.349,1,38,2,False,2026-09-30 04:00:00,2026-09-30 07:00:00,41
REQ-01286,AST-SNT-140,Signal & Telecom,GHY-NJP,signal_fault,Low,70,0.495,1,38,3,True,2026-09-23 02:00:00,2026-09-23 06:00:00,34
REQ-01287,AST-ENG-014,Engineering,CSMT-KYN,track_defect,Medium,15,0.53,1,38,2,False,2026-09-14 02:00:00,2026-09-14 06:00:00,48
REQ-01288,AST-TRD-118,Traction Distribution,JP-AII,traction_fault,Low,75,0.481,1,166,1,True,2026-09-30 22:00:00,2026-10-01 01:00:00,35
REQ-01289,AST-ENG-038,Engineering,SBC-JTJ,track_defect,High,27,0.656,1,40,5,False,2026-09-11 02:00:00,2026-09-11 05:00:00,38
REQ-01290,AST-SNT-054,Signal & Telecom,MAS-AJJ,signal_fault,Low,8,0.489,1,30,2,True,2026-09-21 22:00:00,2026-09-22 02:00:00,44
REQ-01291,AST-ENG-004,Engineering,NDLS-GZB,track_defect,Low,53,0.652,1,60,5,False,2026-09-22 15:00:00,2026-09-22 17:00:00,48
REQ-01292,AST-SNT-080,Signal & Telecom,ADI-BRC,signal_fault,Low,28,0.82,1,62,5,False,2026-09-22 11:00:00,2026-09-22 15:00:00,42
REQ-01293,AST-TRD-180,Traction Distribution,NGP-BSL,traction_fault,Low,65,0.402,1,87,2,False,2026-09-11 15:00:00,2026-09-11 20:00:00,38
REQ-01294,AST-TRD-165,Traction Distribution,BZA-VSKP,traction_fault,Medium,0,0.661,1,162,3,False,2026-09-16 00:00:00,2026-09-16 02:00:00,41
REQ-01295,AST-TRD-131,Traction Distribution,ALD-MGS,traction_fault,Low,75,0.476,0,113,4,False,2026-10-02 00:00:00,2026-10-02 03:00:00,45
REQ-01296,AST-SNT-077,Signal & Telecom,ADI-BRC,signal_fault,Medium,41,0.401,1,28,2,False,2026-09-16 15:00:00,2026-09-16 17:00:00,42
REQ-01297,AST-SNT-044,Signal & Telecom,SBC-JTJ,signal_fault,Medium,11,0.761,0,63,7,False,2026-10-04 23:00:00,2026-10-05 04:00:00,38
REQ-01298,AST-ENG-074,Engineering,ADI-BRC,track_defect,Medium,4,0.299,0,62,1,False,2026-10-06 13:00:00,2026-10-06 17:00:00,42
REQ-01299,AST-SNT-161,Signal & Telecom,BZA-VSKP,signal_fault,Low,73,0.402,0,66,2,False,2026-10-01 11:00:00,2026-10-01 15:00:00,41
REQ-01300,AST-TRD-177,Traction Distribution,NGP-BSL,traction_fault,Low,70,0.612,1,119,3,False,2026-09-12 23:00:00,2026-09-13 03:00:00,38
REQ-01301,AST-SNT-150,Signal & Telecom,TVC-QLN,signal_fault,Low,61,0.665,1,58,7,True,2026-09-27 22:00:00,2026-09-28 00:00:00,35
REQ-01302,AST-SNT-018,Signal & Telecom,CSMT-KYN,signal_fault,Medium,39,0.436,0,73,1,False,2026-10-03 23:00:00,2026-10-04 04:00:00,48
REQ-01303,AST-SNT-176,Signal & Telecom,NGP-BSL,signal_fault,Medium,37,0.744,0,63,5,True,2026-10-03 15:00:00,2026-10-03 20:00:00,38
REQ-01304,AST-TRD-165,Traction Distribution,BZA-VSKP,traction_fault,Low,4,0.628,1,156,3,False,2026-09-10 04:00:00,2026-09-10 08:00:00,41
REQ-01305,AST-SNT-067,Signal & Telecom,PUNE-DD,signal_fault,Medium,37,0.301,1,46,0,False,2026-09-20 15:00:00,2026-09-20 20:00:00,38
REQ-01306,AST-SNT-149,Signal & Telecom,TVC-QLN,signal_fault,Low,0,0.618,1,22,7,False,2026-09-08 04:00:00,2026-09-08 09:00:00,35
REQ-01307,AST-TRD-033,Traction Distribution,HWH-BWN,traction_fault,High,21,0.65,1,106,6,False,2026-09-07 22:00:00,2026-09-08 01:00:00,46
REQ-01308,AST-SNT-065,Signal & Telecom,PUNE-DD,signal_fault,Low,53,0.575,1,62,3,True,2026-09-25 02:00:00,2026-09-25 04:00:00,38
REQ-01309,AST-TRD-106,Traction Distribution,BPL-ET,traction_fault,Medium,4,0.321,1,128,1,False,2026-09-29 04:00:00,2026-09-29 09:00:00,41
REQ-01310,AST-SNT-065,Signal & Telecom,PUNE-DD,signal_fault,Low,38,0.585,1,58,3,False,2026-09-21 23:00:00,2026-09-22 02:00:00,38
REQ-01311,AST-SNT-128,Signal & Telecom,ALD-MGS,signal_fault,Low,0,0.336,1,40,1,False,2026-09-25 15:00:00,2026-09-25 19:00:00,45
REQ-01312,AST-ENG-075,Engineering,ADI-BRC,track_defect,Low,33,0.436,1,43,3,False,2026-09-18 04:00:00,2026-09-18 09:00:00,42
REQ-01313,AST-TRD-166,Traction Distribution,BZA-VSKP,traction_fault,Low,43,0.687,0,139,6,False,2026-10-05 11:00:00,2026-10-05 13:00:00,41
REQ-01314,AST-ENG-172,Engineering,NGP-BSL,track_defect,Low,46,0.946,1,63,7,False,2026-09-24 11:00:00,2026-09-24 13:00:00,38
REQ-01315,AST-SNT-041,Signal & Telecom,SBC-JTJ,signal_fault,Medium,8,0.41,1,31,3,False,2026-09-15 04:00:00,2026-09-15 06:00:00,38
REQ-01316,AST-TRD-084,Traction Distribution,ADI-BRC,traction_fault,Low,30,0.868,1,162,6,False,2026-09-26 13:00:00,2026-09-26 16:00:00,42
REQ-01317,AST-SNT-068,Signal & Telecom,PUNE-DD,signal_fault,Medium,17,0.797,1,50,7,False,2026-09-12 02:00:00,2026-09-12 04:00:00,38
REQ-01318,AST-TRD-084,Traction Distribution,ADI-BRC,traction_fault,Low,65,0.871,0,167,6,False,2026-10-01 23:00:00,2026-10-02 04:00:00,42
REQ-01319,AST-SNT-138,Signal & Telecom,GHY-NJP,signal_fault,Medium,39,0.377,1,34,3,False,2026-09-13 11:00:00,2026-09-13 15:00:00,34
REQ-01320,AST-ENG-088,Engineering,LKO-CNB,track_defect,Medium,66,0.404,1,27,2,False,2026-09-19 04:00:00,2026-09-19 09:00:00,40
REQ-01321,AST-SNT-115,Signal & Telecom,JP-AII,signal_fault,Medium,9,0.807,1,45,6,True,2026-09-13 13:00:00,2026-09-13 16:00:00,35
REQ-01322,AST-ENG-075,Engineering,ADI-BRC,track_defect,High,11,0.377,0,57,3,False,2026-10-02 04:00:00,2026-10-02 06:00:00,42
REQ-01323,AST-ENG-049,Engineering,MAS-AJJ,track_defect,Low,50,0.277,1,41,0,False,2026-09-14 23:00:00,2026-09-15 02:00:00,44
REQ-01324,AST-TRD-132,Traction Distribution,ALD-MGS,traction_fault,Low,37,0.715,1,160,7,False,2026-09-27 23:00:00,2026-09-28 01:00:00,45
REQ-01325,AST-TRD-033,Traction Distribution,HWH-BWN,traction_fault,Low,68,0.656,0,133,6,False,2026-10-04 15:00:00,2026-10-04 20:00:00,46
REQ-01326,AST-TRD-142,Traction Distribution,GHY-NJP,traction_fault,Low,57,0.298,1,111,3,False,2026-09-19 22:00:00,2026-09-20 02:00:00,34
REQ-01327,AST-ENG-100,Engineering,BPL-ET,track_defect,Medium,46,0.679,1,28,4,False,2026-09-08 00:00:00,2026-09-08 04:00:00,41
REQ-01328,AST-TRD-095,Traction Distribution,LKO-CNB,traction_fault,Low,26,0.711,0,154,7,False,2026-10-06 15:00:00,2026-10-06 17:00:00,40
REQ-01329,AST-SNT-101,Signal & Telecom,BPL-ET,signal_fault,Low,6,0.544,1,54,3,False,2026-09-26 22:00:00,2026-09-27 02:00:00,41
REQ-01330,AST-TRD-131,Traction Distribution,ALD-MGS,traction_fault,Low,64,0.509,1,99,4,False,2026-09-18 04:00:00,2026-09-18 06:00:00,45
REQ-01331,AST-ENG-049,Engineering,MAS-AJJ,track_defect,Medium,45,0.328,1,39,0,False,2026-09-12 23:00:00,2026-09-13 03:00:00,44
REQ-01332,AST-SNT-029,Signal & Telecom,HWH-BWN,signal_fault,High,36,0.577,1,44,5,True,2026-09-09 15:00:00,2026-09-09 20:00:00,46
REQ-01333,AST-ENG-016,Engineering,CSMT-KYN,track_defect,High,47,0.865,1,46,5,False,2026-09-17 00:00:00,2026-09-17 03:00:00,48
REQ-01334,AST-SNT-162,Signal & Telecom,BZA-VSKP,signal_fault,High,49,0.224,1,28,1,False,2026-09-15 15:00:00,2026-09-15 20:00:00,41
REQ-01335,AST-TRD-177,Traction Distribution,NGP-BSL,traction_fault,Low,64,0.568,1,122,3,False,2026-09-15 13:00:00,2026-09-15 17:00:00,38
REQ-01336,AST-TRD-035,Traction Distribution,HWH-BWN,traction_fault,Medium,63,0.797,1,160,4,False,2026-09-17 23:00:00,2026-09-18 02:00:00,46
REQ-01337,AST-SNT-176,Signal & Telecom,NGP-BSL,signal_fault,Medium,59,0.675,1,58,5,False,2026-09-28 23:00:00,2026-09-29 01:00:00,38
REQ-01338,AST-SNT-008,Signal & Telecom,NDLS-GZB,signal_fault,Low,70,0.424,1,41,1,False,2026-09-14 04:00:00,2026-09-14 06:00:00,48
REQ-01339,AST-ENG-027,Engineering,HWH-BWN,track_defect,Medium,18,0.412,1,38,2,False,2026-09-29 23:00:00,2026-09-30 04:00:00,46
REQ-01340,AST-TRD-178,Traction Distribution,NGP-BSL,traction_fault,Low,7,0.427,0,135,3,False,2026-10-06 23:00:00,2026-10-07 01:00:00,38
REQ-01341,AST-SNT-138,Signal & Telecom,GHY-NJP,signal_fault,Low,46,0.397,1,45,3,False,2026-09-24 23:00:00,2026-09-25 04:00:00,34
REQ-01342,AST-TRD-167,Traction Distribution,BZA-VSKP,traction_fault,Low,2,0.677,1,101,6,False,2026-09-30 04:00:00,2026-09-30 06:00:00,41
REQ-01343,AST-SNT-042,Signal & Telecom,SBC-JTJ,signal_fault,Low,56,0.583,0,67,3,False,2026-10-04 13:00:00,2026-10-04 16:00:00,38
REQ-01344,AST-ENG-136,Engineering,GHY-NJP,track_defect,Low,48,0.747,1,46,8,False,2026-09-23 13:00:00,2026-09-23 16:00:00,34
REQ-01345,AST-SNT-005,Signal & Telecom,NDLS-GZB,signal_fault,Low,24,0.551,1,63,3,False,2026-09-23 04:00:00,2026-09-23 09:00:00,48
REQ-01346,AST-SNT-044,Signal & Telecom,SBC-JTJ,signal_fault,Low,66,0.849,0,60,7,False,2026-10-01 23:00:00,2026-10-02 01:00:00,38
REQ-01347,AST-SNT-006,Signal & Telecom,NDLS-GZB,signal_fault,High,75,0.468,1,39,2,False,2026-09-16 02:00:00,2026-09-16 07:00:00,48
REQ-01348,AST-SNT-176,Signal & Telecom,NGP-BSL,signal_fault,Medium,62,0.659,1,40,5,False,2026-09-10 15:00:00,2026-09-10 18:00:00,38
REQ-01349,AST-ENG-086,Engineering,LKO-CNB,track_defect,High,75,0.599,0,55,6,True,2026-10-03 23:00:00,2026-10-04 04:00:00,40
REQ-01350,AST-TRD-058,Traction Distribution,MAS-AJJ,traction_fault,Low,74,0.676,1,101,6,True,2026-09-26 00:00:00,2026-09-26 04:00:00,44
REQ-01351,AST-SNT-126,Signal & Telecom,ALD-MGS,signal_fault,Medium,30,0.484,1,36,4,False,2026-09-26 23:00:00,2026-09-27 03:00:00,45
REQ-01352,AST-TRD-143,Traction Distribution,GHY-NJP,traction_fault,Low,76,0.689,0,104,8,False,2026-10-06 04:00:00,2026-10-06 07:00:00,34
REQ-01353,AST-ENG-148,Engineering,TVC-QLN,track_defect,Medium,39,0.839,1,58,5,False,2026-09-27 13:00:00,2026-09-27 17:00:00,35
REQ-01354,AST-SNT-140,Signal & Telecom,GHY-NJP,signal_fault,Low,24,0.485,1,24,3,True,2026-09-09 22:00:00,2026-09-10 00:00:00,34
REQ-01355,AST-ENG-028,Engineering,HWH-BWN,track_defect,Low,71,0.553,1,47,5,False,2026-09-14 22:00:00,2026-09-15 00:00:00,46
REQ-01356,AST-SNT-042,Signal & Telecom,SBC-JTJ,signal_fault,Low,52,0.528,1,45,3,False,2026-09-12 22:00:00,2026-09-13 03:00:00,38
REQ-01357,AST-SNT-149,Signal & Telecom,TVC-QLN,signal_fault,Low,54,0.569,1,41,7,False,2026-09-27 04:00:00,2026-09-27 06:00:00,35
REQ-01358,AST-TRD-156,Traction Distribution,TVC-QLN,traction_fault,Low,4,0.852,1,155,5,False,2026-09-20 13:00:00,2026-09-20 16:00:00,35
REQ-01359,AST-SNT-019,Signal & Telecom,CSMT-KYN,signal_fault,Medium,67,0.679,0,56,6,False,2026-10-03 15:00:00,2026-10-03 18:00:00,48
REQ-01360,AST-SNT-173,Signal & Telecom,NGP-BSL,signal_fault,Medium,11,0.755,1,59,6,True,2026-09-19 23:00:00,2026-09-20 03:00:00,38
REQ-01361,AST-SNT-080,Signal & Telecom,ADI-BRC,signal_fault,Low,29,0.793,1,49,5,False,2026-09-09 22:00:00,2026-09-10 02:00:00,42
REQ-01362,AST-TRD-084,Traction Distribution,ADI-BRC,traction_fault,Low,69,0.863,1,163,6,False,2026-09-27 22:00:00,2026-09-28 00:00:00,42
REQ-01363,AST-SNT-066,Signal & Telecom,PUNE-DD,signal_fault,Medium,32,0.401,1,30,4,False,2026-09-21 11:00:00,2026-09-21 14:00:00,38
REQ-01364,AST-TRD-106,Traction Distribution,BPL-ET,traction_fault,High,45,0.289,1,126,1,False,2026-09-27 02:00:00,2026-09-27 06:00:00,41
REQ-01365,AST-SNT-018,Signal & Telecom,CSMT-KYN,signal_fault,Low,6,0.377,0,76,1,True,2026-10-06 23:00:00,2026-10-07 03:00:00,48
REQ-01366,AST-TRD-033,Traction Distribution,HWH-BWN,traction_fault,Low,81,0.639,1,127,6,True,2026-09-28 13:00:00,2026-09-28 16:00:00,46
REQ-01367,AST-ENG-051,Engineering,MAS-AJJ,track_defect,Medium,41,0.658,1,61,3,False,2026-09-25 00:00:00,2026-09-25 02:00:00,44
REQ-01368,AST-SNT-101,Signal & Telecom,BPL-ET,signal_fault,Low,22,0.455,1,38,3,False,2026-09-10 22:00:00,2026-09-11 03:00:00,41
REQ-01369,AST-ENG-123,Engineering,ALD-MGS,track_defect,Low,63,0.486,1,57,2,False,2026-09-30 13:00:00,2026-09-30 17:00:00,45
REQ-01370,AST-SNT-018,Signal & Telecom,CSMT-KYN,signal_fault,Medium,63,0.436,0,71,1,False,2026-10-01 00:00:00,2026-10-01 02:00:00,48
REQ-01371,AST-SNT-090,Signal & Telecom,LKO-CNB,signal_fault,Low,69,0.573,1,45,5,False,2026-09-12 04:00:00,2026-09-12 09:00:00,40
REQ-01372,AST-SNT-079,Signal & Telecom,ADI-BRC,signal_fault,Low,72,0.36,0,56,2,False,2026-10-05 13:00:00,2026-10-05 17:00:00,42
REQ-01373,AST-ENG-086,Engineering,LKO-CNB,track_defect,Low,29,0.57,0,53,6,False,2026-10-01 23:00:00,2026-10-02 03:00:00,40
REQ-01374,AST-SNT-175,Signal & Telecom,NGP-BSL,signal_fault,Low,52,0.367,0,57,3,True,2026-10-04 04:00:00,2026-10-04 07:00:00,38
REQ-01375,AST-SNT-140,Signal & Telecom,GHY-NJP,signal_fault,Medium,78,0.488,1,41,3,False,2026-09-26 13:00:00,2026-09-26 15:00:00,34
REQ-01376,AST-TRD-010,Traction Distribution,NDLS-GZB,traction_fault,Low,67,0.557,1,78,5,False,2026-09-07 22:00:00,2026-09-08 00:00:00,48
REQ-01377,AST-ENG-122,Engineering,ALD-MGS,track_defect,Medium,68,0.518,1,38,2,False,2026-09-22 23:00:00,2026-09-23 04:00:00,45
REQ-01378,AST-TRD-144,Traction Distribution,GHY-NJP,traction_fault,Low,31,0.364,1,137,2,False,2026-09-26 23:00:00,2026-09-27 03:00:00,34
REQ-01379,AST-TRD-120,Traction Distribution,JP-AII,traction_fault,Low,37,0.61,1,143,5,False,2026-09-18 22:00:00,2026-09-19 02:00:00,35
REQ-01380,AST-SNT-029,Signal & Telecom,HWH-BWN,signal_fault,Low,20,0.645,1,42,5,False,2026-09-07 11:00:00,2026-09-07 13:00:00,46
REQ-01381,AST-SNT-137,Signal & Telecom,GHY-NJP,signal_fault,Medium,49,0.393,1,36,3,False,2026-09-13 00:00:00,2026-09-13 03:00:00,34
REQ-01382,AST-ENG-026,Engineering,HWH-BWN,track_defect,Medium,2,0.43,1,41,4,False,2026-09-27 11:00:00,2026-09-27 16:00:00,46
REQ-01383,AST-ENG-159,Engineering,BZA-VSKP,track_defect,Low,63,0.328,0,39,4,False,2026-10-02 11:00:00,2026-10-02 13:00:00,41
REQ-01384,AST-TRD-094,Traction Distribution,LKO-CNB,traction_fault,Low,30,0.232,1,108,0,False,2026-09-11 23:00:00,2026-09-12 04:00:00,40
REQ-01385,AST-SNT-031,Signal & Telecom,HWH-BWN,signal_fault,Low,57,0.806,0,58,5,False,2026-10-05 04:00:00,2026-10-05 09:00:00,46
REQ-01386,AST-TRD-095,Traction Distribution,LKO-CNB,traction_fault,Medium,32,0.73,1,125,7,False,2026-09-07 23:00:00,2026-09-08 02:00:00,40
REQ-01387,AST-SNT-113,Signal & Telecom,JP-AII,signal_fault,Low,74,0.588,0,60,6,True,2026-10-03 22:00:00,2026-10-04 00:00:00,35
REQ-01388,AST-SNT-019,Signal & Telecom,CSMT-KYN,signal_fault,Low,63,0.715,1,50,6,False,2026-09-27 22:00:00,2026-09-28 03:00:00,48
REQ-01389,AST-TRD-144,Traction Distribution,GHY-NJP,traction_fault,Low,62,0.351,1,136,2,False,2026-09-25 13:00:00,2026-09-25 15:00:00,34
REQ-01390,AST-SNT-092,Signal & Telecom,LKO-CNB,signal_fault,Low,43,0.598,1,38,5,False,2026-09-23 23:00:00,2026-09-24 02:00:00,40
REQ-01391,AST-ENG-098,Engineering,BPL-ET,track_defect,Medium,42,0.443,1,28,3,False,2026-09-07 22:00:00,2026-09-08 02:00:00,41
REQ-01392,AST-ENG-050,Engineering,MAS-AJJ,track_defect,Medium,65,0.425,0,72,2,False,2026-10-05 22:00:00,2026-10-06 03:00:00,44
REQ-01393,AST-SNT-116,Signal & Telecom,JP-AII,signal_fault,Low,59,0.469,1,41,3,True,2026-09-27 15:00:00,2026-09-27 20:00:00,35
REQ-01394,AST-SNT-006,Signal & Telecom,NDLS-GZB,signal_fault,Low,10,0.478,1,35,2,False,2026-09-12 13:00:00,2026-09-12 16:00:00,48
REQ-01395,AST-TRD-093,Traction Distribution,LKO-CNB,traction_fault,Low,63,0.407,1,126,1,False,2026-09-14 11:00:00,2026-09-14 15:00:00,40
REQ-01396,AST-ENG-159,Engineering,BZA-VSKP,track_defect,Medium,45,0.386,0,40,4,False,2026-10-03 23:00:00,2026-10-04 02:00:00,41
REQ-01397,AST-SNT-139,Signal & Telecom,GHY-NJP,signal_fault,Medium,47,0.618,1,40,4,False,2026-09-29 22:00:00,2026-09-30 03:00:00,34
REQ-01398,AST-SNT-128,Signal & Telecom,ALD-MGS,signal_fault,Low,4,0.396,1,42,1,False,2026-09-27 15:00:00,2026-09-27 20:00:00,45
REQ-01399,AST-TRD-167,Traction Distribution,BZA-VSKP,traction_fault,Low,61,0.711,1,83,6,False,2026-09-12 11:00:00,2026-09-12 15:00:00,41
REQ-01400,AST-SNT-018,Signal & Telecom,CSMT-KYN,signal_fault,Low,62,0.379,1,68,1,False,2026-09-28 23:00:00,2026-09-29 02:00:00,48
REQ-01401,AST-SNT-031,Signal & Telecom,HWH-BWN,signal_fault,Medium,7,0.789,1,49,5,True,2026-09-26 23:00:00,2026-09-27 01:00:00,46
REQ-01402,AST-ENG-088,Engineering,LKO-CNB,track_defect,Medium,36,0.374,1,24,2,False,2026-09-16 11:00:00,2026-09-16 14:00:00,40
REQ-01403,AST-TRD-010,Traction Distribution,NDLS-GZB,traction_fault,Low,75,0.624,1,89,5,True,2026-09-18 13:00:00,2026-09-18 17:00:00,48
REQ-01404,AST-ENG-028,Engineering,HWH-BWN,track_defect,Medium,26,0.585,0,66,5,False,2026-10-03 00:00:00,2026-10-03 02:00:00,46
REQ-01405,AST-TRD-024,Traction Distribution,CSMT-KYN,traction_fault,Low,58,0.535,1,123,5,False,2026-09-26 11:00:00,2026-09-26 13:00:00,48
REQ-01406,AST-TRD-096,Traction Distribution,LKO-CNB,traction_fault,Low,48,0.445,1,101,2,False,2026-09-15 15:00:00,2026-09-15 19:00:00,40
REQ-01407,AST-ENG-146,Engineering,TVC-QLN,track_defect,Low,26,0.659,0,55,6,False,2026-10-05 13:00:00,2026-10-05 16:00:00,35
REQ-01408,AST-TRD-168,Traction Distribution,BZA-VSKP,traction_fault,Low,10,0.825,1,136,4,False,2026-09-23 02:00:00,2026-09-23 04:00:00,41
REQ-01409,AST-ENG-085,Engineering,LKO-CNB,track_defect,Medium,59,0.775,0,51,6,False,2026-10-02 23:00:00,2026-10-03 01:00:00,40
REQ-01410,AST-SNT-151,Signal & Telecom,TVC-QLN,signal_fault,High,13,0.297,1,37,3,False,2026-09-26 02:00:00,2026-09-26 04:00:00,35
REQ-01411,AST-TRD-035,Traction Distribution,HWH-BWN,traction_fault,High,54,0.832,1,170,4,False,2026-09-27 02:00:00,2026-09-27 05:00:00,46
REQ-01412,AST-SNT-031,Signal & Telecom,HWH-BWN,signal_fault,Medium,4,0.786,1,53,5,True,2026-09-30 13:00:00,2026-09-30 18:00:00,46
REQ-01413,AST-ENG-088,Engineering,LKO-CNB,track_defect,Low,66,0.383,1,38,2,False,2026-09-30 02:00:00,2026-09-30 05:00:00,40
REQ-01414,AST-TRD-070,Traction Distribution,PUNE-DD,traction_fault,Low,49,0.401,0,129,3,False,2026-10-03 04:00:00,2026-10-03 06:00:00,38
REQ-01415,AST-TRD-093,Traction Distribution,LKO-CNB,traction_fault,Low,63,0.398,1,132,1,True,2026-09-20 00:00:00,2026-09-20 03:00:00,40
REQ-01416,AST-SNT-091,Signal & Telecom,LKO-CNB,signal_fault,Low,4,0.352,1,32,4,True,2026-09-17 13:00:00,2026-09-17 16:00:00,40
REQ-01417,AST-SNT-068,Signal & Telecom,PUNE-DD,signal_fault,Medium,17,0.788,1,67,7,False,2026-09-29 22:00:00,2026-09-30 02:00:00,38
REQ-01418,AST-ENG-040,Engineering,SBC-JTJ,track_defect,Medium,43,0.381,1,51,1,False,2026-09-11 22:00:00,2026-09-12 01:00:00,38
REQ-01419,AST-ENG-076,Engineering,ADI-BRC,track_defect,Low,18,0.348,1,26,3,False,2026-09-20 22:00:00,2026-09-21 03:00:00,42
REQ-01420,AST-ENG-098,Engineering,BPL-ET,track_defect,Medium,51,0.432,0,53,3,False,2026-10-02 15:00:00,2026-10-02 17:00:00,41
REQ-01421,AST-SNT-150,Signal & Telecom,TVC-QLN,signal_fault,Low,12,0.672,1,38,7,False,2026-09-07 02:00:00,2026-09-07 04:00:00,35
REQ-01422,AST-ENG-074,Engineering,ADI-BRC,track_defect,Low,51,0.296,0,57,1,False,2026-10-01 04:00:00,2026-10-01 09:00:00,42
REQ-01423,AST-TRD-153,Traction Distribution,TVC-QLN,traction_fault,High,76,0.506,1,101,4,False,2026-09-08 04:00:00,2026-09-08 06:00:00,35
REQ-01424,AST-ENG-134,Engineering,GHY-NJP,track_defect,High,67,0.482,0,66,2,False,2026-10-02 13:00:00,2026-10-02 18:00:00,34
REQ-01425,AST-SNT-128,Signal & Telecom,ALD-MGS,signal_fault,Low,30,0.407,1,44,1,False,2026-09-29 13:00:00,2026-09-29 17:00:00,45
REQ-01426,AST-TRD-009,Traction Distribution,NDLS-GZB,traction_fault,Low,27,0.38,0,144,2,False,2026-10-03 13:00:00,2026-10-03 16:00:00,48
REQ-01427,AST-SNT-089,Signal & Telecom,LKO-CNB,signal_fault,Low,11,0.318,1,49,1,False,2026-09-27 11:00:00,2026-09-27 16:00:00,40
REQ-01428,AST-TRD-177,Traction Distribution,NGP-BSL,traction_fault,Low,67,0.612,0,139,3,False,2026-10-02 22:00:00,2026-10-03 01:00:00,38
REQ-01429,AST-TRD-022,Traction Distribution,CSMT-KYN,traction_fault,Low,43,0.474,1,146,2,False,2026-09-08 15:00:00,2026-09-08 20:00:00,48
REQ-01430,AST-TRD-144,Traction Distribution,GHY-NJP,traction_fault,Low,76,0.323,0,146,2,True,2026-10-05 04:00:00,2026-10-05 08:00:00,34
REQ-01431,AST-SNT-101,Signal & Telecom,BPL-ET,signal_fault,Medium,20,0.522,1,52,3,False,2026-09-24 13:00:00,2026-09-24 17:00:00,41
REQ-01432,AST-SNT-031,Signal & Telecom,HWH-BWN,signal_fault,Low,2,0.734,1,30,5,False,2026-09-07 00:00:00,2026-09-07 04:00:00,46
REQ-01433,AST-SNT-150,Signal & Telecom,TVC-QLN,signal_fault,Low,23,0.711,1,47,7,False,2026-09-16 22:00:00,2026-09-17 00:00:00,35
REQ-01434,AST-SNT-162,Signal & Telecom,BZA-VSKP,signal_fault,Low,44,0.208,1,31,1,False,2026-09-18 13:00:00,2026-09-18 17:00:00,41
REQ-01435,AST-ENG-145,Engineering,TVC-QLN,track_defect,Low,41,0.721,1,67,7,False,2026-09-27 02:00:00,2026-09-27 07:00:00,35
REQ-01436,AST-SNT-140,Signal & Telecom,GHY-NJP,signal_fault,Low,40,0.543,1,22,3,False,2026-09-07 23:00:00,2026-09-08 03:00:00,34
REQ-01437,AST-TRD-156,Traction Distribution,TVC-QLN,traction_fault,Medium,3,0.846,1,165,5,False,2026-09-30 11:00:00,2026-09-30 15:00:00,35
REQ-01438,AST-SNT-127,Signal & Telecom,ALD-MGS,signal_fault,Medium,25,0.771,0,50,7,True,2026-10-02 04:00:00,2026-10-02 09:00:00,45
REQ-01439,AST-ENG-040,Engineering,SBC-JTJ,track_defect,Medium,24,0.449,1,50,1,False,2026-09-10 15:00:00,2026-09-10 18:00:00,38
REQ-01440,AST-SNT-068,Signal & Telecom,PUNE-DD,signal_fault,Low,31,0.796,1,59,7,False,2026-09-21 02:00:00,2026-09-21 05:00:00,38
REQ-01441,AST-ENG-158,Engineering,BZA-VSKP,track_defect,Low,5,0.344,1,28,2,False,2026-09-20 02:00:00,2026-09-20 04:00:00,41
REQ-01442,AST-TRD-177,Traction Distribution,NGP-BSL,traction_fault,Low,7,0.569,1,118,3,False,2026-09-11 23:00:00,2026-09-12 02:00:00,38
REQ-01443,AST-TRD-072,Traction Distribution,PUNE-DD,traction_fault,Medium,17,0.747,1,104,7,False,2026-09-28 22:00:00,2026-09-29 03:00:00,38
REQ-01444,AST-SNT-114,Signal & Telecom,JP-AII,signal_fault,Medium,31,0.547,1,35,4,True,2026-09-22 22:00:00,2026-09-23 03:00:00,35
REQ-01445,AST-TRD-096,Traction Distribution,LKO-CNB,traction_fault,Low,42,0.382,1,116,2,False,2026-09-30 22:00:00,2026-10-01 01:00:00,40
REQ-01446,AST-ENG-025,Engineering,HWH-BWN,track_defect,Medium,29,0.971,1,55,9,False,2026-09-22 23:00:00,2026-09-23 02:00:00,46
REQ-01447,AST-ENG-097,Engineering,BPL-ET,track_defect,Medium,28,0.289,0,51,2,False,2026-10-04 02:00:00,2026-10-04 05:00:00,41
REQ-01448,AST-SNT-007,Signal & Telecom,NDLS-GZB,signal_fault,Medium,24,0.566,1,63,3,False,2026-09-30 04:00:00,2026-09-30 08:00:00,48
REQ-01449,AST-SNT-020,Signal & Telecom,CSMT-KYN,signal_fault,Medium,28,0.442,1,35,3,False,2026-09-26 22:00:00,2026-09-27 00:00:00,48
REQ-01450,AST-SNT-113,Signal & Telecom,JP-AII,signal_fault,Low,1,0.567,1,43,6,False,2026-09-16 00:00:00,2026-09-16 03:00:00,35
REQ-01451,AST-TRD-060,Traction Distribution,MAS-AJJ,traction_fault,Medium,58,0.6,1,85,3,False,2026-09-18 13:00:00,2026-09-18 17:00:00,44
REQ-01452,AST-SNT-151,Signal & Telecom,TVC-QLN,signal_fault,Low,36,0.251,1,22,3,False,2026-09-11 04:00:00,2026-09-11 09:00:00,35
REQ-01453,AST-SNT-174,Signal & Telecom,NGP-BSL,signal_fault,High,52,0.562,1,39,4,True,2026-09-16 13:00:00,2026-09-16 16:00:00,38
REQ-01454,AST-ENG-136,Engineering,GHY-NJP,track_defect,Low,33,0.744,1,45,8,False,2026-09-22 00:00:00,2026-09-22 02:00:00,34
REQ-01455,AST-SNT-017,Signal & Telecom,CSMT-KYN,signal_fault,High,31,0.289,0,57,0,False,2026-10-04 00:00:00,2026-10-04 05:00:00,48
REQ-01456,AST-TRD-060,Traction Distribution,MAS-AJJ,traction_fault,High,12,0.629,1,92,3,False,2026-09-25 23:00:00,2026-09-26 03:00:00,44
REQ-01457,AST-SNT-091,Signal & Telecom,LKO-CNB,signal_fault,High,52,0.393,0,48,4,False,2026-10-03 04:00:00,2026-10-03 07:00:00,40
REQ-01458,AST-TRD-094,Traction Distribution,LKO-CNB,traction_fault,Low,42,0.245,0,128,0,False,2026-10-01 23:00:00,2026-10-02 04:00:00,40
REQ-01459,AST-TRD-143,Traction Distribution,GHY-NJP,traction_fault,Medium,75,0.642,1,85,8,False,2026-09-17 02:00:00,2026-09-17 07:00:00,34
REQ-01460,AST-TRD-178,Traction Distribution,NGP-BSL,traction_fault,Low,19,0.479,1,118,3,False,2026-09-19 15:00:00,2026-09-19 17:00:00,38
REQ-01461,AST-SNT-173,Signal & Telecom,NGP-BSL,signal_fault,Medium,65,0.786,1,61,6,False,2026-09-21 13:00:00,2026-09-21 15:00:00,38
REQ-01462,AST-ENG-134,Engineering,GHY-NJP,track_defect,Low,45,0.506,1,41,2,False,2026-09-07 13:00:00,2026-09-07 15:00:00,34
REQ-01463,AST-SNT-018,Signal & Telecom,CSMT-KYN,signal_fault,Medium,12,0.437,1,53,1,False,2026-09-13 00:00:00,2026-09-13 03:00:00,48
REQ-01464,AST-TRD-105,Traction Distribution,BPL-ET,traction_fault,Low,23,0.538,0,169,3,False,2026-10-05 00:00:00,2026-10-05 02:00:00,41
REQ-01465,AST-SNT-103,Signal & Telecom,BPL-ET,signal_fault,Low,48,0.542,1,43,3,False,2026-09-12 00:00:00,2026-09-12 04:00:00,41
REQ-01466,AST-SNT-044,Signal & Telecom,SBC-JTJ,signal_fault,Low,33,0.841,0,62,7,False,2026-10-03 23:00:00,2026-10-04 01:00:00,38
REQ-01467,AST-SNT-115,Signal & Telecom,JP-AII,signal_fault,Low,9,0.814,1,49,6,False,2026-09-17 22:00:00,2026-09-18 00:00:00,35
REQ-01468,AST-TRD-180,Traction Distribution,NGP-BSL,traction_fault,High,50,0.348,1,83,2,False,2026-09-07 15:00:00,2026-09-07 20:00:00,38
REQ-01469,AST-TRD-010,Traction Distribution,NDLS-GZB,traction_fault,Medium,35,0.582,0,105,5,False,2026-10-04 15:00:00,2026-10-04 20:00:00,48
REQ-01470,AST-SNT-020,Signal & Telecom,CSMT-KYN,signal_fault,Low,1,0.444,1,19,3,False,2026-09-10 04:00:00,2026-09-10 08:00:00,48
REQ-01471,AST-SNT-053,Signal & Telecom,MAS-AJJ,signal_fault,Low,66,0.505,0,59,4,False,2026-10-01 02:00:00,2026-10-01 05:00:00,44
REQ-01472,AST-SNT-079,Signal & Telecom,ADI-BRC,signal_fault,Medium,17,0.362,1,49,2,False,2026-09-28 04:00:00,2026-09-28 06:00:00,42
REQ-01473,AST-ENG-061,Engineering,PUNE-DD,track_defect,Medium,26,0.459,1,28,4,False,2026-09-12 00:00:00,2026-09-12 02:00:00,38
REQ-01474,AST-TRD-023,Traction Distribution,CSMT-KYN,traction_fault,Low,23,0.812,1,133,6,False,2026-09-17 04:00:00,2026-09-17 09:00:00,48
REQ-01475,AST-ENG-049,Engineering,MAS-AJJ,track_defect,Low,47,0.26,1,46,0,False,2026-09-19 02:00:00,2026-09-19 04:00:00,44
REQ-01476,AST-SNT-149,Signal & Telecom,TVC-QLN,signal_fault,Medium,76,0.59,1,40,7,True,2026-09-26 11:00:00,2026-09-26 16:00:00,35
REQ-01477,AST-TRD-105,Traction Distribution,BPL-ET,traction_fault,Medium,27,0.478,1,153,3,False,2026-09-19 02:00:00,2026-09-19 06:00:00,41
REQ-01478,AST-SNT-090,Signal & Telecom,LKO-CNB,signal_fault,Low,30,0.616,1,57,5,False,2026-09-24 22:00:00,2026-09-25 00:00:00,40
REQ-01479,AST-ENG-075,Engineering,ADI-BRC,track_defect,Medium,2,0.375,1,52,3,False,2026-09-27 11:00:00,2026-09-27 13:00:00,42
REQ-01480,AST-SNT-114,Signal & Telecom,JP-AII,signal_fault,Low,44,0.554,1,41,4,False,2026-09-28 02:00:00,2026-09-28 05:00:00,35
REQ-01481,AST-SNT-126,Signal & Telecom,ALD-MGS,signal_fault,Low,17,0.446,0,42,4,True,2026-10-02 04:00:00,2026-10-02 08:00:00,45
REQ-01482,AST-ENG-085,Engineering,LKO-CNB,track_defect,Low,39,0.715,1,28,6,False,2026-09-09 11:00:00,2026-09-09 14:00:00,40
REQ-01483,AST-SNT-031,Signal & Telecom,HWH-BWN,signal_fault,Low,51,0.806,0,55,5,False,2026-10-02 11:00:00,2026-10-02 16:00:00,46
REQ-01484,AST-TRD-108,Traction Distribution,BPL-ET,traction_fault,Low,72,0.676,1,127,5,False,2026-09-21 00:00:00,2026-09-21 02:00:00,41
REQ-01485,AST-SNT-162,Signal & Telecom,BZA-VSKP,signal_fault,Medium,10,0.196,1,39,1,False,2026-09-26 13:00:00,2026-09-26 16:00:00,41
REQ-01486,AST-SNT-176,Signal & Telecom,NGP-BSL,signal_fault,Low,17,0.716,0,66,5,True,2026-10-06 23:00:00,2026-10-07 03:00:00,38
REQ-01487,AST-TRD-166,Traction Distribution,BZA-VSKP,traction_fault,Low,22,0.676,1,132,6,False,2026-09-28 22:00:00,2026-09-29 02:00:00,41
REQ-01488,AST-SNT-042,Signal & Telecom,SBC-JTJ,signal_fault,Low,5,0.516,1,58,3,False,2026-09-25 13:00:00,2026-09-25 15:00:00,38
REQ-01489,AST-SNT-103,Signal & Telecom,BPL-ET,signal_fault,Low,36,0.472,1,56,3,False,2026-09-25 02:00:00,2026-09-25 06:00:00,41
REQ-01490,AST-TRD-141,Traction Distribution,GHY-NJP,traction_fault,Low,36,0.578,1,118,5,False,2026-09-10 04:00:00,2026-09-10 08:00:00,34
REQ-01491,AST-ENG-038,Engineering,SBC-JTJ,track_defect,Low,74,0.699,1,55,5,True,2026-09-26 15:00:00,2026-09-26 19:00:00,38
REQ-01492,AST-TRD-153,Traction Distribution,TVC-QLN,traction_fault,Medium,18,0.433,1,122,4,False,2026-09-29 23:00:00,2026-09-30 03:00:00,35
REQ-01493,AST-ENG-061,Engineering,PUNE-DD,track_defect,Low,65,0.525,1,33,4,False,2026-09-17 11:00:00,2026-09-17 16:00:00,38
REQ-01494,AST-SNT-066,Signal & Telecom,PUNE-DD,signal_fault,Low,21,0.369,1,16,4,False,2026-09-07 04:00:00,2026-09-07 06:00:00,38
REQ-01495,AST-ENG-001,Engineering,NDLS-GZB,track_defect,Low,12,0.284,0,58,1,False,2026-10-05 00:00:00,2026-10-05 03:00:00,48
REQ-01496,AST-ENG-170,Engineering,NGP-BSL,track_defect,Medium,63,0.389,1,62,2,False,2026-09-29 23:00:00,2026-09-30 04:00:00,38
REQ-01497,AST-TRD-155,Traction Distribution,TVC-QLN,traction_fault,Low,1,0.603,0,133,3,False,2026-10-05 02:00:00,2026-10-05 04:00:00,35
REQ-01498,AST-TRD-165,Traction Distribution,BZA-VSKP,traction_fault,Medium,2,0.612,1,174,3,False,2026-09-28 23:00:00,2026-09-29 01:00:00,41
REQ-01499,AST-TRD-165,Traction Distribution,BZA-VSKP,traction_fault,Low,78,0.595,1,165,3,True,2026-09-19 15:00:00,2026-09-19 20:00:00,41
REQ-01500,AST-SNT-150,Signal & Telecom,TVC-QLN,signal_fault,Medium,12,0.684,0,63,7,False,2026-10-02 00:00:00,2026-10-02 02:00:00,35
REQ-01501,AST-ENG-172,Engineering,NGP-BSL,track_defect,Low,9,0.871,1,52,7,False,2026-09-13 23:00:00,2026-09-14 01:00:00,38
REQ-01502,AST-ENG-002,Engineering,NDLS-GZB,track_defect,Low,73,0.542,0,43,6,True,2026-10-01 13:00:00,2026-10-01 17:00:00,48
REQ-01503,AST-SNT-161,Signal & Telecom,BZA-VSKP,signal_fault,Medium,45,0.404,1,61,2,False,2026-09-26 13:00:00,2026-09-26 16:00:00,41
REQ-01504,AST-ENG-088,Engineering,LKO-CNB,track_defect,Low,1,0.367,1,26,2,False,2026-09-18 00:00:00,2026-09-18 04:00:00,40
REQ-01505,AST-TRD-142,Traction Distribution,GHY-NJP,traction_fault,Medium,34,0.311,1,121,3,False,2026-09-29 11:00:00,2026-09-29 13:00:00,34
REQ-01506,AST-SNT-161,Signal & Telecom,BZA-VSKP,signal_fault,Medium,27,0.468,1,62,2,False,2026-09-27 22:00:00,2026-09-28 00:00:00,41
REQ-01507,AST-ENG-109,Engineering,JP-AII,track_defect,Low,11,0.634,1,36,6,False,2026-09-23 23:00:00,2026-09-24 02:00:00,35
REQ-01508,AST-TRD-131,Traction Distribution,ALD-MGS,traction_fault,Low,42,0.51,1,111,4,False,2026-09-30 04:00:00,2026-09-30 06:00:00,45
REQ-01509,AST-ENG-136,Engineering,GHY-NJP,track_defect,Low,38,0.782,1,32,8,False,2026-09-09 04:00:00,2026-09-09 08:00:00,34
REQ-01510,AST-ENG-159,Engineering,BZA-VSKP,track_defect,Low,80,0.383,1,21,4,True,2026-09-14 13:00:00,2026-09-14 16:00:00,41
REQ-01511,AST-SNT-006,Signal & Telecom,NDLS-GZB,signal_fault,Medium,48,0.431,1,52,2,False,2026-09-29 13:00:00,2026-09-29 18:00:00,48
REQ-01512,AST-TRD-084,Traction Distribution,ADI-BRC,traction_fault,Low,2,0.902,1,163,6,False,2026-09-27 00:00:00,2026-09-27 04:00:00,42
REQ-01513,AST-ENG-075,Engineering,ADI-BRC,track_defect,Low,79,0.398,1,40,3,True,2026-09-15 02:00:00,2026-09-15 07:00:00,42
REQ-01514,AST-SNT-102,Signal & Telecom,BPL-ET,signal_fault,Low,25,0.502,0,51,3,True,2026-10-01 00:00:00,2026-10-01 03:00:00,41
REQ-01515,AST-ENG-171,Engineering,NGP-BSL,track_defect,Low,64,0.575,1,55,3,False,2026-09-20 23:00:00,2026-09-21 03:00:00,38
REQ-01516,AST-ENG-037,Engineering,SBC-JTJ,track_defect,Medium,59,0.81,1,43,7,False,2026-09-17 02:00:00,2026-09-17 04:00:00,38
REQ-01517,AST-SNT-043,Signal & Telecom,SBC-JTJ,signal_fault,Low,27,0.819,1,47,7,False,2026-09-29 22:00:00,2026-09-30 00:00:00,38
REQ-01518,AST-TRD-045,Traction Distribution,SBC-JTJ,traction_fault,Low,66,0.346,1,93,2,True,2026-09-12 15:00:00,2026-09-12 19:00:00,38
REQ-01519,AST-SNT-125,Signal & Telecom,ALD-MGS,signal_fault,Low,68,0.168,1,17,0,False,2026-09-10 00:00:00,2026-09-10 05:00:00,45
REQ-01520,AST-SNT-006,Signal & Telecom,NDLS-GZB,signal_fault,Low,56,0.456,1,48,2,False,2026-09-25 15:00:00,2026-09-25 19:00:00,48
REQ-01521,AST-TRD-095,Traction Distribution,LKO-CNB,traction_fault,Low,19,0.792,1,132,7,False,2026-09-14 15:00:00,2026-09-14 17:00:00,40
REQ-01522,AST-TRD-106,Traction Distribution,BPL-ET,traction_fault,Low,76,0.32,0,131,1,False,2026-10-02 11:00:00,2026-10-02 13:00:00,41
REQ-01523,AST-SNT-116,Signal & Telecom,JP-AII,signal_fault,High,21,0.457,1,35,3,False,2026-09-21 02:00:00,2026-09-21 07:00:00,35
REQ-01524,AST-TRD-022,Traction Distribution,CSMT-KYN,traction_fault,Medium,10,0.432,1,146,2,False,2026-09-08 00:00:00,2026-09-08 05:00:00,48
REQ-01525,AST-ENG-159,Engineering,BZA-VSKP,track_defect,Low,17,0.304,1,36,4,False,2026-09-29 02:00:00,2026-09-29 05:00:00,41
REQ-01526,AST-SNT-152,Signal & Telecom,TVC-QLN,signal_fault,Low,45,0.553,1,38,3,False,2026-09-21 00:00:00,2026-09-21 04:00:00,35
REQ-01527,AST-TRD-084,Traction Distribution,ADI-BRC,traction_fault,High,65,0.915,1,145,6,False,2026-09-09 02:00:00,2026-09-09 04:00:00,42
REQ-01528,AST-TRD-059,Traction Distribution,MAS-AJJ,traction_fault,Low,23,0.583,0,112,3,False,2026-10-04 22:00:00,2026-10-05 03:00:00,44
REQ-01529,AST-SNT-149,Signal & Telecom,TVC-QLN,signal_fault,Low,38,0.584,1,34,7,False,2026-09-20 11:00:00,2026-09-20 13:00:00,35
REQ-01530,AST-ENG-086,Engineering,LKO-CNB,track_defect,Low,77,0.57,0,54,6,True,2026-10-02 22:00:00,2026-10-03 00:00:00,40
REQ-01531,AST-SNT-128,Signal & Telecom,ALD-MGS,signal_fault,Low,76,0.368,0,47,1,True,2026-10-02 00:00:00,2026-10-02 05:00:00,45
REQ-01532,AST-SNT-114,Signal & Telecom,JP-AII,signal_fault,Medium,64,0.479,1,26,4,False,2026-09-13 02:00:00,2026-09-13 04:00:00,35
REQ-01533,AST-TRD-142,Traction Distribution,GHY-NJP,traction_fault,Low,80,0.355,1,101,3,True,2026-09-09 11:00:00,2026-09-09 14:00:00,34
REQ-01534,AST-TRD-057,Traction Distribution,MAS-AJJ,traction_fault,Low,9,0.417,1,119,3,False,2026-09-18 22:00:00,2026-09-19 03:00:00,44
REQ-01535,AST-TRD-093,Traction Distribution,LKO-CNB,traction_fault,Low,83,0.395,1,124,1,False,2026-09-12 11:00:00,2026-09-12 14:00:00,40
REQ-01536,AST-SNT-008,Signal & Telecom,NDLS-GZB,signal_fault,Low,28,0.428,1,38,1,False,2026-09-11 13:00:00,2026-09-11 18:00:00,48
REQ-01537,AST-TRD-130,Traction Distribution,ALD-MGS,traction_fault,High,49,0.718,0,163,5,False,2026-10-01 15:00:00,2026-10-01 19:00:00,45
REQ-01538,AST-ENG-099,Engineering,BPL-ET,track_defect,Medium,0,0.545,0,43,5,False,2026-10-01 04:00:00,2026-10-01 07:00:00,41
REQ-01539,AST-TRD-119,Traction Distribution,JP-AII,traction_fault,Medium,20,0.63,1,138,5,False,2026-09-17 13:00:00,2026-09-17 17:00:00,35
REQ-01540,AST-ENG-098,Engineering,BPL-ET,track_defect,High,62,0.412,1,46,3,False,2026-09-25 04:00:00,2026-09-25 06:00:00,41
REQ-01541,AST-ENG-157,Engineering,BZA-VSKP,track_defect,Medium,71,0.474,0,53,2,False,2026-10-03 00:00:00,2026-10-03 05:00:00,41
REQ-01542,AST-TRD-045,Traction Distribution,SBC-JTJ,traction_fault,Medium,63,0.374,1,108,2,False,2026-09-27 11:00:00,2026-09-27 13:00:00,38
REQ-01543,AST-TRD-131,Traction Distribution,ALD-MGS,traction_fault,Low,27,0.536,1,103,4,False,2026-09-22 23:00:00,2026-09-23 03:00:00,45
REQ-01544,AST-SNT-113,Signal & Telecom,JP-AII,signal_fault,Medium,76,0.588,1,44,6,False,2026-09-17 13:00:00,2026-09-17 18:00:00,35
REQ-01545,AST-TRD-023,Traction Distribution,CSMT-KYN,traction_fault,Low,76,0.745,1,137,6,True,2026-09-21 00:00:00,2026-09-21 05:00:00,48
REQ-01546,AST-ENG-001,Engineering,NDLS-GZB,track_defect,Low,65,0.29,1,50,1,False,2026-09-27 11:00:00,2026-09-27 14:00:00,48
REQ-01547,AST-TRD-046,Traction Distribution,SBC-JTJ,traction_fault,Low,29,0.484,1,82,5,False,2026-09-14 23:00:00,2026-09-15 03:00:00,38
REQ-01548,AST-ENG-073,Engineering,ADI-BRC,track_defect,Low,5,0.876,1,52,6,False,2026-09-13 22:00:00,2026-09-14 01:00:00,42
REQ-01549,AST-SNT-005,Signal & Telecom,NDLS-GZB,signal_fault,Low,23,0.495,1,58,3,False,2026-09-18 00:00:00,2026-09-18 02:00:00,48
REQ-01550,AST-ENG-100,Engineering,BPL-ET,track_defect,Medium,62,0.63,1,30,4,False,2026-09-10 04:00:00,2026-09-10 08:00:00,41
REQ-01551,AST-SNT-125,Signal & Telecom,ALD-MGS,signal_fault,Medium,59,0.223,1,32,0,True,2026-09-25 15:00:00,2026-09-25 17:00:00,45
REQ-01552,AST-TRD-045,Traction Distribution,SBC-JTJ,traction_fault,Low,68,0.362,1,94,2,False,2026-09-13 13:00:00,2026-09-13 16:00:00,38
REQ-01553,AST-TRD-057,Traction Distribution,MAS-AJJ,traction_fault,Low,0,0.43,1,131,3,False,2026-09-30 04:00:00,2026-09-30 08:00:00,44
REQ-01554,AST-ENG-040,Engineering,SBC-JTJ,track_defect,Medium,28,0.385,1,52,1,False,2026-09-12 11:00:00,2026-09-12 13:00:00,38
REQ-01555,AST-SNT-053,Signal & Telecom,MAS-AJJ,signal_fault,Medium,48,0.557,0,64,4,False,2026-10-06 02:00:00,2026-10-06 04:00:00,44
REQ-01556,AST-ENG-025,Engineering,HWH-BWN,track_defect,Low,28,0.968,1,52,9,False,2026-09-19 02:00:00,2026-09-19 06:00:00,46
REQ-01557,AST-TRD-060,Traction Distribution,MAS-AJJ,traction_fault,Low,31,0.632,1,88,3,False,2026-09-21 11:00:00,2026-09-21 15:00:00,44
REQ-01558,AST-SNT-127,Signal & Telecom,ALD-MGS,signal_fault,Low,57,0.731,1,30,7,False,2026-09-12 22:00:00,2026-09-13 00:00:00,45
REQ-01559,AST-ENG-169,Engineering,NGP-BSL,track_defect,Low,25,0.473,0,42,5,False,2026-10-06 04:00:00,2026-10-06 07:00:00,38
REQ-01560,AST-SNT-077,Signal & Telecom,ADI-BRC,signal_fault,Low,11,0.408,1,41,2,True,2026-09-29 15:00:00,2026-09-29 19:00:00,42
REQ-01561,AST-SNT-125,Signal & Telecom,ALD-MGS,signal_fault,Low,53,0.21,1,21,0,True,2026-09-14 00:00:00,2026-09-14 03:00:00,45
REQ-01562,AST-ENG-051,Engineering,MAS-AJJ,track_defect,Low,65,0.591,0,68,3,False,2026-10-02 04:00:00,2026-10-02 08:00:00,44
REQ-01563,AST-SNT-125,Signal & Telecom,ALD-MGS,signal_fault,Low,36,0.21,0,39,0,False,2026-10-02 13:00:00,2026-10-02 16:00:00,45
REQ-01564,AST-ENG-110,Engineering,JP-AII,track_defect,Low,44,0.293,0,57,0,False,2026-10-05 23:00:00,2026-10-06 02:00:00,35
REQ-01565,AST-SNT-151,Signal & Telecom,TVC-QLN,signal_fault,Low,68,0.297,1,33,3,False,2026-09-22 02:00:00,2026-09-22 05:00:00,35
REQ-01566,AST-SNT-149,Signal & Telecom,TVC-QLN,signal_fault,Medium,46,0.591,0,49,7,False,2026-10-05 15:00:00,2026-10-05 20:00:00,35
REQ-01567,AST-SNT-032,Signal & Telecom,HWH-BWN,signal_fault,Low,29,0.669,1,33,6,False,2026-09-17 15:00:00,2026-09-17 20:00:00,46
REQ-01568,AST-SNT-092,Signal & Telecom,LKO-CNB,signal_fault,Medium,42,0.591,1,37,5,True,2026-09-22 13:00:00,2026-09-22 18:00:00,40
REQ-01569,AST-SNT-151,Signal & Telecom,TVC-QLN,signal_fault,Low,55,0.268,1,36,3,False,2026-09-25 00:00:00,2026-09-25 03:00:00,35
REQ-01570,AST-ENG-037,Engineering,SBC-JTJ,track_defect,Low,30,0.733,1,47,7,False,2026-09-21 11:00:00,2026-09-21 16:00:00,38
REQ-01571,AST-ENG-076,Engineering,ADI-BRC,track_defect,Low,11,0.347,0,41,3,False,2026-10-05 22:00:00,2026-10-06 01:00:00,42
REQ-01572,AST-TRD-072,Traction Distribution,PUNE-DD,traction_fault,Low,11,0.735,1,91,7,False,2026-09-15 02:00:00,2026-09-15 05:00:00,38
REQ-01573,AST-SNT-055,Signal & Telecom,MAS-AJJ,signal_fault,Low,39,0.873,1,48,5,False,2026-09-21 15:00:00,2026-09-21 18:00:00,44
REQ-01574,AST-SNT-090,Signal & Telecom,LKO-CNB,signal_fault,Medium,57,0.613,1,56,5,True,2026-09-23 15:00:00,2026-09-23 20:00:00,40
REQ-01575,AST-ENG-076,Engineering,ADI-BRC,track_defect,Medium,74,0.285,1,26,3,True,2026-09-20 15:00:00,2026-09-20 20:00:00,42
REQ-01576,AST-TRD-081,Traction Distribution,ADI-BRC,traction_fault,Low,65,0.556,1,140,2,False,2026-09-07 04:00:00,2026-09-07 09:00:00,42
REQ-01577,AST-TRD-130,Traction Distribution,ALD-MGS,traction_fault,Low,29,0.689,1,141,5,False,2026-09-09 15:00:00,2026-09-09 17:00:00,45
REQ-01578,AST-ENG-097,Engineering,BPL-ET,track_defect,Low,37,0.336,1,40,2,False,2026-09-23 02:00:00,2026-09-23 06:00:00,41
REQ-01579,AST-ENG-015,Engineering,CSMT-KYN,track_defect,Low,59,0.569,1,22,5,False,2026-09-10 02:00:00,2026-09-10 06:00:00,48
REQ-01580,AST-ENG-037,Engineering,SBC-JTJ,track_defect,Low,12,0.736,1,43,7,False,2026-09-17 11:00:00,2026-09-17 15:00:00,38
REQ-01581,AST-ENG-136,Engineering,GHY-NJP,track_defect,Low,16,0.76,0,56,8,False,2026-10-03 13:00:00,2026-10-03 16:00:00,34
REQ-01582,AST-TRD-033,Traction Distribution,HWH-BWN,traction_fault,Medium,60,0.664,0,133,6,False,2026-10-04 13:00:00,2026-10-04 15:00:00,46
REQ-01583,AST-SNT-055,Signal & Telecom,MAS-AJJ,signal_fault,Medium,23,0.91,0,60,5,False,2026-10-03 15:00:00,2026-10-03 20:00:00,44
REQ-01584,AST-TRD-165,Traction Distribution,BZA-VSKP,traction_fault,Medium,12,0.642,1,171,3,False,2026-09-25 00:00:00,2026-09-25 05:00:00,41
REQ-01585,AST-ENG-145,Engineering,TVC-QLN,track_defect,Low,83,0.714,1,51,7,True,2026-09-11 22:00:00,2026-09-12 01:00:00,35
REQ-01586,AST-TRD-144,Traction Distribution,GHY-NJP,traction_fault,Low,49,0.354,1,124,2,False,2026-09-13 23:00:00,2026-09-14 02:00:00,34
REQ-01587,AST-ENG-147,Engineering,TVC-QLN,track_defect,Low,20,0.427,1,61,1,False,2026-09-24 23:00:00,2026-09-25 04:00:00,35
REQ-01588,AST-TRD-022,Traction Distribution,CSMT-KYN,traction_fault,Low,79,0.478,1,155,2,True,2026-09-17 11:00:00,2026-09-17 16:00:00,48
REQ-01589,AST-SNT-137,Signal & Telecom,GHY-NJP,signal_fault,Low,60,0.39,1,43,3,False,2026-09-20 11:00:00,2026-09-20 16:00:00,34
REQ-01590,AST-TRD-108,Traction Distribution,BPL-ET,traction_fault,Low,62,0.653,1,113,5,False,2026-09-07 15:00:00,2026-09-07 18:00:00,41
REQ-01591,AST-ENG-025,Engineering,HWH-BWN,track_defect,Low,9,0.955,1,49,9,False,2026-09-16 00:00:00,2026-09-16 05:00:00,46
REQ-01592,AST-ENG-158,Engineering,BZA-VSKP,track_defect,Low,37,0.38,1,26,2,False,2026-09-18 15:00:00,2026-09-18 18:00:00,41
REQ-01593,AST-SNT-128,Signal & Telecom,ALD-MGS,signal_fault,Low,48,0.349,0,46,1,False,2026-10-01 22:00:00,2026-10-02 02:00:00,45
REQ-01594,AST-TRD-010,Traction Distribution,NDLS-GZB,traction_fault,Low,25,0.571,1,96,5,False,2026-09-25 00:00:00,2026-09-25 03:00:00,48
REQ-01595,AST-SNT-066,Signal & Telecom,PUNE-DD,signal_fault,Medium,48,0.328,1,34,4,False,2026-09-25 22:00:00,2026-09-26 03:00:00,38
REQ-01596,AST-SNT-078,Signal & Telecom,ADI-BRC,signal_fault,Low,42,0.437,1,31,2,False,2026-09-09 22:00:00,2026-09-10 01:00:00,42
REQ-01597,AST-SNT-066,Signal & Telecom,PUNE-DD,signal_fault,Low,60,0.317,1,34,4,False,2026-09-25 23:00:00,2026-09-26 03:00:00,38
REQ-01598,AST-TRD-023,Traction Distribution,CSMT-KYN,traction_fault,High,75,0.806,1,144,6,False,2026-09-28 04:00:00,2026-09-28 06:00:00,48
REQ-01599,AST-ENG-111,Engineering,JP-AII,track_defect,High,10,0.454,1,61,4,False,2026-09-22 00:00:00,2026-09-22 03:00:00,35
REQ-01600,AST-SNT-175,Signal & Telecom,NGP-BSL,signal_fault,Low,57,0.371,1,42,3,False,2026-09-19 13:00:00,2026-09-19 16:00:00,38
REQ-01601,AST-ENG-123,Engineering,ALD-MGS,track_defect,Medium,77,0.467,1,50,2,True,2026-09-23 02:00:00,2026-09-23 07:00:00,45
REQ-01602,AST-SNT-102,Signal & Telecom,BPL-ET,signal_fault,Low,1,0.583,1,27,3,False,2026-09-07 04:00:00,2026-09-07 08:00:00,41
REQ-01603,AST-TRD-083,Traction Distribution,ADI-BRC,traction_fault,Medium,48,0.323,1,118,1,False,2026-09-19 04:00:00,2026-09-19 06:00:00,42
REQ-01604,AST-SNT-079,Signal & Telecom,ADI-BRC,signal_fault,Low,15,0.397,1,43,2,True,2026-09-22 02:00:00,2026-09-22 07:00:00,42
REQ-01605,AST-SNT-164,Signal & Telecom,BZA-VSKP,signal_fault,Low,6,0.592,1,44,3,True,2026-09-13 04:00:00,2026-09-13 07:00:00,41
REQ-01606,AST-TRD-165,Traction Distribution,BZA-VSKP,traction_fault,Medium,43,0.637,1,175,3,False,2026-09-29 23:00:00,2026-09-30 02:00:00,41
REQ-01607,AST-ENG-052,Engineering,MAS-AJJ,track_defect,Low,14,0.54,1,43,3,False,2026-09-25 11:00:00,2026-09-25 16:00:00,44
REQ-01608,AST-ENG-001,Engineering,NDLS-GZB,track_defect,Medium,48,0.325,1,34,1,False,2026-09-11 23:00:00,2026-09-12 01:00:00,48
REQ-01609,AST-SNT-115,Signal & Telecom,JP-AII,signal_fault,High,46,0.856,0,64,6,False,2026-10-02 11:00:00,2026-10-02 15:00:00,35
REQ-01610,AST-SNT-173,Signal & Telecom,NGP-BSL,signal_fault,Low,18,0.757,1,62,6,True,2026-09-22 23:00:00,2026-09-23 04:00:00,38
REQ-01611,AST-SNT-140,Signal & Telecom,GHY-NJP,signal_fault,Low,51,0.48,1,24,3,True,2026-09-09 13:00:00,2026-09-09 18:00:00,34
REQ-01612,AST-SNT-162,Signal & Telecom,BZA-VSKP,signal_fault,Low,19,0.257,1,42,1,False,2026-09-29 13:00:00,2026-09-29 18:00:00,41
REQ-01613,AST-TRD-156,Traction Distribution,TVC-QLN,traction_fault,Low,4,0.841,0,169,5,False,2026-10-04 04:00:00,2026-10-04 09:00:00,35
REQ-01614,AST-SNT-174,Signal & Telecom,NGP-BSL,signal_fault,Low,36,0.582,1,49,4,False,2026-09-26 22:00:00,2026-09-27 03:00:00,38
REQ-01615,AST-TRD-131,Traction Distribution,ALD-MGS,traction_fault,Low,33,0.521,1,93,4,False,2026-09-12 02:00:00,2026-09-12 07:00:00,45
REQ-01616,AST-SNT-007,Signal & Telecom,NDLS-GZB,signal_fault,Medium,1,0.562,1,47,3,False,2026-09-14 04:00:00,2026-09-14 08:00:00,48
REQ-01617,AST-TRD-107,Traction Distribution,BPL-ET,traction_fault,Low,72,0.448,1,86,2,False,2026-09-16 02:00:00,2026-09-16 05:00:00,41
REQ-01618,AST-SNT-079,Signal & Telecom,ADI-BRC,signal_fault,Low,21,0.309,0,52,2,False,2026-10-01 02:00:00,2026-10-01 06:00:00,42
REQ-01619,AST-SNT-019,Signal & Telecom,CSMT-KYN,signal_fault,Low,11,0.675,1,46,6,False,2026-09-23 15:00:00,2026-09-23 20:00:00,48
REQ-01620,AST-SNT-053,Signal & Telecom,MAS-AJJ,signal_fault,High,25,0.477,1,41,4,False,2026-09-13 00:00:00,2026-09-13 05:00:00,44
REQ-01621,AST-ENG-121,Engineering,ALD-MGS,track_defect,Medium,0,0.587,1,67,4,False,2026-09-29 23:00:00,2026-09-30 04:00:00,45
REQ-01622,AST-SNT-078,Signal & Telecom,ADI-BRC,signal_fault,Low,55,0.394,0,56,2,False,2026-10-04 11:00:00,2026-10-04 16:00:00,42
REQ-01623,AST-SNT-053,Signal & Telecom,MAS-AJJ,signal_fault,High,6,0.541,1,38,4,False,2026-09-10 04:00:00,2026-09-10 08:00:00,44
REQ-01624,AST-ENG-086,Engineering,LKO-CNB,track_defect,Medium,38,0.544,1,44,6,False,2026-09-22 23:00:00,2026-09-23 01:00:00,40
REQ-01625,AST-ENG-123,Engineering,ALD-MGS,track_defect,Low,73,0.508,1,41,2,False,2026-09-14 23:00:00,2026-09-15 02:00:00,45
REQ-01626,AST-SNT-054,Signal & Telecom,MAS-AJJ,signal_fault,Low,9,0.487,0,42,2,False,2026-10-03 04:00:00,2026-10-03 07:00:00,44
REQ-01627,AST-TRD-119,Traction Distribution,JP-AII,traction_fault,High,0,0.545,1,131,5,False,2026-09-10 04:00:00,2026-09-10 08:00:00,35
REQ-01628,AST-SNT-140,Signal & Telecom,GHY-NJP,signal_fault,Low,9,0.512,1,34,3,False,2026-09-19 04:00:00,2026-09-19 06:00:00,34
REQ-01629,AST-TRD-009,Traction Distribution,NDLS-GZB,traction_fault,Medium,37,0.354,1,139,2,False,2026-09-28 13:00:00,2026-09-28 16:00:00,48
REQ-01630,AST-SNT-032,Signal & Telecom,HWH-BWN,signal_fault,Medium,56,0.641,1,29,6,False,2026-09-13 00:00:00,2026-09-13 03:00:00,46
REQ-01631,AST-SNT-008,Signal & Telecom,NDLS-GZB,signal_fault,Low,13,0.446,0,60,1,True,2026-10-03 02:00:00,2026-10-03 07:00:00,48
REQ-01632,AST-TRD-093,Traction Distribution,LKO-CNB,traction_fault,Low,23,0.392,1,120,1,False,2026-09-08 00:00:00,2026-09-08 02:00:00,40
REQ-01633,AST-SNT-150,Signal & Telecom,TVC-QLN,signal_fault,Medium,30,0.729,1,44,7,False,2026-09-13 11:00:00,2026-09-13 15:00:00,35
REQ-01634,AST-ENG-037,Engineering,SBC-JTJ,track_defect,Low,75,0.714,1,35,7,False,2026-09-09 00:00:00,2026-09-09 05:00:00,38
REQ-01635,AST-TRD-009,Traction Distribution,NDLS-GZB,traction_fault,Low,33,0.332,1,128,2,False,2026-09-17 11:00:00,2026-09-17 13:00:00,48
REQ-01636,AST-SNT-173,Signal & Telecom,NGP-BSL,signal_fault,Medium,71,0.703,1,50,6,False,2026-09-10 04:00:00,2026-09-10 07:00:00,38
REQ-01637,AST-SNT-101,Signal & Telecom,BPL-ET,signal_fault,Low,40,0.502,1,38,3,False,2026-09-10 15:00:00,2026-09-10 19:00:00,41
REQ-01638,AST-SNT-041,Signal & Telecom,SBC-JTJ,signal_fault,Medium,51,0.464,1,42,3,True,2026-09-26 11:00:00,2026-09-26 16:00:00,38
REQ-01639,AST-ENG-016,Engineering,CSMT-KYN,track_defect,Low,53,0.851,1,43,5,False,2026-09-14 11:00:00,2026-09-14 13:00:00,48
REQ-01640,AST-TRD-036,Traction Distribution,HWH-BWN,traction_fault,Low,4,0.568,1,142,5,False,2026-09-07 22:00:00,2026-09-08 02:00:00,46
REQ-01641,AST-TRD-046,Traction Distribution,SBC-JTJ,traction_fault,Medium,26,0.469,1,89,5,False,2026-09-21 11:00:00,2026-09-21 13:00:00,38
REQ-01642,AST-TRD-058,Traction Distribution,MAS-AJJ,traction_fault,Medium,8,0.586,1,102,6,False,2026-09-27 15:00:00,2026-09-27 17:00:00,44
REQ-01643,AST-ENG-038,Engineering,SBC-JTJ,track_defect,Low,72,0.733,1,49,5,False,2026-09-20 13:00:00,2026-09-20 18:00:00,38
REQ-01644,AST-TRD-023,Traction Distribution,CSMT-KYN,traction_fault,Low,53,0.819,1,145,6,False,2026-09-29 04:00:00,2026-09-29 08:00:00,48
REQ-01645,AST-TRD-119,Traction Distribution,JP-AII,traction_fault,Low,82,0.566,1,138,5,True,2026-09-17 22:00:00,2026-09-18 01:00:00,35
REQ-01646,AST-TRD-129,Traction Distribution,ALD-MGS,traction_fault,Medium,9,0.581,0,110,5,False,2026-10-01 15:00:00,2026-10-01 20:00:00,45
REQ-01647,AST-SNT-006,Signal & Telecom,NDLS-GZB,signal_fault,High,15,0.482,1,49,2,False,2026-09-26 23:00:00,2026-09-27 04:00:00,48
REQ-01648,AST-SNT-140,Signal & Telecom,GHY-NJP,signal_fault,High,25,0.447,1,29,3,False,2026-09-14 00:00:00,2026-09-14 03:00:00,34
REQ-01649,AST-ENG-145,Engineering,TVC-QLN,track_defect,Low,73,0.715,0,75,7,False,2026-10-05 02:00:00,2026-10-05 06:00:00,35
REQ-01650,AST-TRD-084,Traction Distribution,ADI-BRC,traction_fault,Low,14,0.865,0,167,6,False,2026-10-01 11:00:00,2026-10-01 13:00:00,42
REQ-01651,AST-TRD-072,Traction Distribution,PUNE-DD,traction_fault,Low,69,0.675,1,98,7,True,2026-09-22 13:00:00,2026-09-22 16:00:00,38
REQ-01652,AST-SNT-042,Signal & Telecom,SBC-JTJ,signal_fault,Medium,39,0.592,1,60,3,True,2026-09-27 00:00:00,2026-09-27 03:00:00,38
REQ-01653,AST-SNT-115,Signal & Telecom,JP-AII,signal_fault,High,63,0.793,1,53,6,False,2026-09-21 15:00:00,2026-09-21 18:00:00,35
REQ-01654,AST-ENG-122,Engineering,ALD-MGS,track_defect,Medium,17,0.496,0,48,2,False,2026-10-02 00:00:00,2026-10-02 05:00:00,45
REQ-01655,AST-SNT-055,Signal & Telecom,MAS-AJJ,signal_fault,Low,71,0.9,0,58,5,True,2026-10-01 00:00:00,2026-10-01 03:00:00,44
REQ-01656,AST-TRD-070,Traction Distribution,PUNE-DD,traction_fault,Low,4,0.37,1,113,3,False,2026-09-17 11:00:00,2026-09-17 14:00:00,38
REQ-01657,AST-ENG-171,Engineering,NGP-BSL,track_defect,Low,28,0.635,0,71,3,False,2026-10-06 11:00:00,2026-10-06 14:00:00,38
REQ-01658,AST-TRD-081,Traction Distribution,ADI-BRC,traction_fault,High,38,0.577,1,156,2,False,2026-09-23 15:00:00,2026-09-23 18:00:00,42
REQ-01659,AST-TRD-009,Traction Distribution,NDLS-GZB,traction_fault,Low,72,0.405,1,120,2,True,2026-09-09 23:00:00,2026-09-10 01:00:00,48
REQ-01660,AST-SNT-008,Signal & Telecom,NDLS-GZB,signal_fault,Low,14,0.39,1,54,1,False,2026-09-27 04:00:00,2026-09-27 07:00:00,48
REQ-01661,AST-TRD-036,Traction Distribution,HWH-BWN,traction_fault,Low,45,0.618,1,160,5,False,2026-09-25 11:00:00,2026-09-25 14:00:00,46
REQ-01662,AST-TRD-084,Traction Distribution,ADI-BRC,traction_fault,Low,35,0.875,1,166,6,False,2026-09-30 23:00:00,2026-10-01 03:00:00,42
REQ-01663,AST-TRD-045,Traction Distribution,SBC-JTJ,traction_fault,Low,23,0.401,1,95,2,False,2026-09-14 22:00:00,2026-09-15 01:00:00,38
REQ-01664,AST-TRD-060,Traction Distribution,MAS-AJJ,traction_fault,Low,28,0.578,1,83,3,True,2026-09-16 23:00:00,2026-09-17 02:00:00,44
REQ-01665,AST-ENG-147,Engineering,TVC-QLN,track_defect,Low,52,0.433,1,59,1,False,2026-09-22 02:00:00,2026-09-22 06:00:00,35
REQ-01666,AST-TRD-035,Traction Distribution,HWH-BWN,traction_fault,Low,37,0.792,1,165,4,False,2026-09-22 23:00:00,2026-09-23 04:00:00,46
REQ-01667,AST-ENG-136,Engineering,GHY-NJP,track_defect,Low,8,0.691,1,43,8,False,2026-09-20 04:00:00,2026-09-20 09:00:00,34
REQ-01668,AST-TRD-081,Traction Distribution,ADI-BRC,traction_fault,Low,28,0.593,1,153,2,False,2026-09-20 02:00:00,2026-09-20 06:00:00,42
REQ-01669,AST-TRD-034,Traction Distribution,HWH-BWN,traction_fault,Low,17,0.452,1,103,3,False,2026-09-24 04:00:00,2026-09-24 08:00:00,46
REQ-01670,AST-ENG-052,Engineering,MAS-AJJ,track_defect,Medium,54,0.568,1,39,3,False,2026-09-21 13:00:00,2026-09-21 18:00:00,44
REQ-01671,AST-SNT-091,Signal & Telecom,LKO-CNB,signal_fault,Medium,69,0.414,1,24,4,False,2026-09-09 15:00:00,2026-09-09 18:00:00,40
REQ-01672,AST-SNT-041,Signal & Telecom,SBC-JTJ,signal_fault,Low,64,0.371,1,27,3,False,2026-09-11 11:00:00,2026-09-11 13:00:00,38
REQ-01673,AST-ENG-097,Engineering,BPL-ET,track_defect,Medium,42,0.283,1,47,2,False,2026-09-30 15:00:00,2026-09-30 20:00:00,41
REQ-01674,AST-TRD-083,Traction Distribution,ADI-BRC,traction_fault,Low,73,0.359,1,118,1,True,2026-09-19 15:00:00,2026-09-19 20:00:00,42
REQ-01675,AST-TRD-130,Traction Distribution,ALD-MGS,traction_fault,Low,26,0.748,1,157,5,False,2026-09-25 02:00:00,2026-09-25 07:00:00,45
REQ-01676,AST-SNT-175,Signal & Telecom,NGP-BSL,signal_fault,Medium,24,0.367,1,33,3,False,2026-09-10 22:00:00,2026-09-11 01:00:00,38
REQ-01677,AST-TRD-084,Traction Distribution,ADI-BRC,traction_fault,Low,33,0.922,1,151,6,False,2026-09-15 15:00:00,2026-09-15 20:00:00,42
REQ-01678,AST-SNT-068,Signal & Telecom,PUNE-DD,signal_fault,Low,27,0.818,1,67,7,True,2026-09-29 00:00:00,2026-09-29 05:00:00,38
REQ-01679,AST-ENG-136,Engineering,GHY-NJP,track_defect,Low,76,0.692,1,37,8,False,2026-09-14 11:00:00,2026-09-14 16:00:00,34
REQ-01680,AST-ENG-157,Engineering,BZA-VSKP,track_defect,Low,67,0.466,1,38,2,False,2026-09-18 00:00:00,2026-09-18 03:00:00,41
REQ-01681,AST-SNT-090,Signal & Telecom,LKO-CNB,signal_fault,Low,85,0.593,1,61,5,False,2026-09-28 04:00:00,2026-09-28 08:00:00,40
REQ-01682,AST-SNT-114,Signal & Telecom,JP-AII,signal_fault,Medium,0,0.49,1,41,4,False,2026-09-28 04:00:00,2026-09-28 06:00:00,35
REQ-01683,AST-TRD-022,Traction Distribution,CSMT-KYN,traction_fault,Medium,54,0.472,1,165,2,False,2026-09-27 22:00:00,2026-09-28 03:00:00,48
REQ-01684,AST-SNT-174,Signal & Telecom,NGP-BSL,signal_fault,Medium,60,0.561,1,32,4,False,2026-09-09 11:00:00,2026-09-09 16:00:00,38
REQ-01685,AST-ENG-076,Engineering,ADI-BRC,track_defect,Low,39,0.312,1,21,3,False,2026-09-15 13:00:00,2026-09-15 18:00:00,42
REQ-01686,AST-ENG-135,Engineering,GHY-NJP,track_defect,Low,35,0.532,1,54,3,False,2026-09-20 02:00:00,2026-09-20 04:00:00,34
REQ-01687,AST-ENG-146,Engineering,TVC-QLN,track_defect,Low,30,0.601,0,52,6,False,2026-10-02 15:00:00,2026-10-02 18:00:00,35
REQ-01688,AST-TRD-046,Traction Distribution,SBC-JTJ,traction_fault,Low,50,0.404,0,104,5,False,2026-10-06 22:00:00,2026-10-07 02:00:00,38
REQ-01689,AST-SNT-031,Signal & Telecom,HWH-BWN,signal_fault,Low,76,0.72,0,56,5,True,2026-10-03 23:00:00,2026-10-04 01:00:00,46
REQ-01690,AST-SNT-150,Signal & Telecom,TVC-QLN,signal_fault,Low,52,0.703,1,60,7,False,2026-09-29 22:00:00,2026-09-30 03:00:00,35
REQ-01691,AST-TRD-143,Traction Distribution,GHY-NJP,traction_fault,Medium,61,0.64,1,88,8,False,2026-09-20 04:00:00,2026-09-20 07:00:00,34
REQ-01692,AST-TRD-142,Traction Distribution,GHY-NJP,traction_fault,Low,23,0.309,1,103,3,False,2026-09-11 11:00:00,2026-09-11 16:00:00,34
REQ-01693,AST-SNT-020,Signal & Telecom,CSMT-KYN,signal_fault,Medium,31,0.45,1,30,3,False,2026-09-21 11:00:00,2026-09-21 14:00:00,48
REQ-01694,AST-ENG-136,Engineering,GHY-NJP,track_defect,Low,23,0.787,1,35,8,False,2026-09-12 11:00:00,2026-09-12 15:00:00,34
REQ-01695,AST-SNT-164,Signal & Telecom,BZA-VSKP,signal_fault,High,18,0.648,1,51,3,False,2026-09-20 23:00:00,2026-09-21 01:00:00,41
REQ-01696,AST-SNT-031,Signal & Telecom,HWH-BWN,signal_fault,Low,28,0.748,1,32,5,False,2026-09-09 13:00:00,2026-09-09 15:00:00,46
REQ-01697,AST-SNT-054,Signal & Telecom,MAS-AJJ,signal_fault,Low,46,0.462,1,18,2,False,2026-09-09 15:00:00,2026-09-09 17:00:00,44
REQ-01698,AST-TRD-095,Traction Distribution,LKO-CNB,traction_fault,Medium,50,0.716,1,140,7,False,2026-09-22 02:00:00,2026-09-22 04:00:00,40
REQ-01699,AST-SNT-149,Signal & Telecom,TVC-QLN,signal_fault,Low,14,0.56,1,21,7,True,2026-09-07 00:00:00,2026-09-07 02:00:00,35
REQ-01700,AST-SNT-151,Signal & Telecom,TVC-QLN,signal_fault,Low,24,0.339,1,18,3,False,2026-09-07 22:00:00,2026-09-08 02:00:00,35
REQ-01701,AST-ENG-087,Engineering,LKO-CNB,track_defect,Low,15,0.478,0,40,3,False,2026-10-01 15:00:00,2026-10-01 20:00:00,40
REQ-01702,AST-SNT-128,Signal & Telecom,ALD-MGS,signal_fault,Low,64,0.398,0,50,1,False,2026-10-05 15:00:00,2026-10-05 19:00:00,45
REQ-01703,AST-SNT-068,Signal & Telecom,PUNE-DD,signal_fault,Medium,65,0.786,1,66,7,True,2026-09-28 22:00:00,2026-09-29 03:00:00,38
REQ-01704,AST-ENG-063,Engineering,PUNE-DD,track_defect,Medium,27,0.303,0,64,2,False,2026-10-04 15:00:00,2026-10-04 17:00:00,38
REQ-01705,AST-ENG-160,Engineering,BZA-VSKP,track_defect,Low,38,0.383,1,65,1,False,2026-09-29 22:00:00,2026-09-30 01:00:00,41
REQ-01706,AST-ENG-016,Engineering,CSMT-KYN,track_defect,High,39,0.852,0,63,5,False,2026-10-04 13:00:00,2026-10-04 16:00:00,48
REQ-01707,AST-SNT-116,Signal & Telecom,JP-AII,signal_fault,Low,81,0.465,1,42,3,True,2026-09-28 23:00:00,2026-09-29 04:00:00,35
REQ-01708,AST-TRD-009,Traction Distribution,NDLS-GZB,traction_fault,Medium,70,0.373,1,138,2,False,2026-09-27 15:00:00,2026-09-27 17:00:00,48
REQ-01709,AST-TRD-168,Traction Distribution,BZA-VSKP,traction_fault,Low,26,0.755,1,121,4,False,2026-09-08 15:00:00,2026-09-08 20:00:00,41
REQ-01710,AST-SNT-092,Signal & Telecom,LKO-CNB,signal_fault,Low,74,0.57,1,34,5,True,2026-09-19 02:00:00,2026-09-19 06:00:00,40
REQ-01711,AST-TRD-180,Traction Distribution,NGP-BSL,traction_fault,Low,68,0.403,0,112,2,True,2026-10-06 23:00:00,2026-10-07 01:00:00,38
REQ-01712,AST-TRD-059,Traction Distribution,MAS-AJJ,traction_fault,Medium,11,0.66,1,104,3,False,2026-09-26 11:00:00,2026-09-26 14:00:00,44
REQ-01713,AST-SNT-173,Signal & Telecom,NGP-BSL,signal_fault,Low,13,0.749,1,65,6,False,2026-09-25 00:00:00,2026-09-25 03:00:00,38
REQ-01714,AST-SNT-018,Signal & Telecom,CSMT-KYN,signal_fault,Low,30,0.452,1,56,1,True,2026-09-16 23:00:00,2026-09-17 02:00:00,48
REQ-01715,AST-TRD-024,Traction Distribution,CSMT-KYN,traction_fault,Medium,60,0.5,1,119,5,False,2026-09-22 11:00:00,2026-09-22 14:00:00,48
REQ-01716,AST-SNT-149,Signal & Telecom,TVC-QLN,signal_fault,Medium,21,0.582,1,42,7,True,2026-09-28 02:00:00,2026-09-28 04:00:00,35
REQ-01717,AST-SNT-138,Signal & Telecom,GHY-NJP,signal_fault,Low,68,0.438,1,28,3,False,2026-09-07 04:00:00,2026-09-07 08:00:00,34
REQ-01718,AST-ENG-146,Engineering,TVC-QLN,track_defect,Low,43,0.641,1,35,6,False,2026-09-15 11:00:00,2026-09-15 15:00:00,35
REQ-01719,AST-SNT-174,Signal & Telecom,NGP-BSL,signal_fault,Low,0,0.636,1,51,4,True,2026-09-28 02:00:00,2026-09-28 05:00:00,38
REQ-01720,AST-SNT-125,Signal & Telecom,ALD-MGS,signal_fault,Low,48,0.205,1,37,0,False,2026-09-30 23:00:00,2026-10-01 01:00:00,45
REQ-01721,AST-ENG-062,Engineering,PUNE-DD,track_defect,Medium,10,0.34,0,65,0,False,2026-10-04 11:00:00,2026-10-04 13:00:00,38
REQ-01722,AST-SNT-077,Signal & Telecom,ADI-BRC,signal_fault,Low,72,0.429,0,48,2,False,2026-10-06 22:00:00,2026-10-07 03:00:00,42
REQ-01723,AST-TRD-047,Traction Distribution,SBC-JTJ,traction_fault,Low,21,0.641,1,109,4,False,2026-09-15 02:00:00,2026-09-15 06:00:00,38
REQ-01724,AST-ENG-014,Engineering,CSMT-KYN,track_defect,Medium,41,0.554,1,41,2,False,2026-09-17 11:00:00,2026-09-17 13:00:00,48
REQ-01725,AST-SNT-029,Signal & Telecom,HWH-BWN,signal_fault,Low,22,0.621,0,69,5,False,2026-10-04 15:00:00,2026-10-04 20:00:00,46
REQ-01726,AST-SNT-005,Signal & Telecom,NDLS-GZB,signal_fault,Medium,11,0.544,1,56,3,False,2026-09-16 00:00:00,2026-09-16 03:00:00,48
REQ-01727,AST-TRD-084,Traction Distribution,ADI-BRC,traction_fault,Low,0,0.911,1,153,6,False,2026-09-17 15:00:00,2026-09-17 18:00:00,42
REQ-01728,AST-TRD-119,Traction Distribution,JP-AII,traction_fault,High,44,0.573,1,146,5,False,2026-09-25 11:00:00,2026-09-25 13:00:00,35
REQ-01729,AST-TRD-107,Traction Distribution,BPL-ET,traction_fault,Low,52,0.371,0,104,2,False,2026-10-04 23:00:00,2026-10-05 03:00:00,41
REQ-01730,AST-SNT-055,Signal & Telecom,MAS-AJJ,signal_fault,Medium,4,0.883,0,60,5,False,2026-10-03 11:00:00,2026-10-03 16:00:00,44
REQ-01731,AST-TRD-034,Traction Distribution,HWH-BWN,traction_fault,Low,7,0.489,1,105,3,False,2026-09-26 13:00:00,2026-09-26 16:00:00,46
REQ-01732,AST-SNT-163,Signal & Telecom,BZA-VSKP,signal_fault,Low,33,0.305,0,39,3,True,2026-10-02 00:00:00,2026-10-02 04:00:00,41
REQ-01733,AST-SNT-137,Signal & Telecom,GHY-NJP,signal_fault,Low,18,0.408,1,33,3,False,2026-09-10 13:00:00,2026-09-10 18:00:00,34
REQ-01734,AST-SNT-042,Signal & Telecom,SBC-JTJ,signal_fault,Low,68,0.506,1,55,3,True,2026-09-22 13:00:00,2026-09-22 18:00:00,38
REQ-01735,AST-SNT-152,Signal & Telecom,TVC-QLN,signal_fault,Low,54,0.577,1,34,3,True,2026-09-17 04:00:00,2026-09-17 07:00:00,35
REQ-01736,AST-TRD-180,Traction Distribution,NGP-BSL,traction_fault,High,10,0.422,0,108,2,False,2026-10-02 11:00:00,2026-10-02 13:00:00,38
REQ-01737,AST-SNT-150,Signal & Telecom,TVC-QLN,signal_fault,Low,55,0.668,1,43,7,False,2026-09-12 23:00:00,2026-09-13 04:00:00,35
REQ-01738,AST-ENG-157,Engineering,BZA-VSKP,track_defect,Low,48,0.495,1,48,2,False,2026-09-28 04:00:00,2026-09-28 06:00:00,41
REQ-01739,AST-TRD-070,Traction Distribution,PUNE-DD,traction_fault,Medium,64,0.392,1,116,3,False,2026-09-20 23:00:00,2026-09-21 03:00:00,38
REQ-01740,AST-ENG-074,Engineering,ADI-BRC,track_defect,Low,10,0.36,1,35,1,False,2026-09-09 13:00:00,2026-09-09 17:00:00,42
REQ-01741,AST-SNT-041,Signal & Telecom,SBC-JTJ,signal_fault,Low,42,0.383,1,45,3,False,2026-09-29 22:00:00,2026-09-30 00:00:00,38
REQ-01742,AST-ENG-145,Engineering,TVC-QLN,track_defect,Low,35,0.737,0,72,7,False,2026-10-02 00:00:00,2026-10-02 04:00:00,35
REQ-01743,AST-TRD-035,Traction Distribution,HWH-BWN,traction_fault,Low,44,0.811,1,168,4,False,2026-09-25 04:00:00,2026-09-25 09:00:00,46
REQ-01744,AST-TRD-059,Traction Distribution,MAS-AJJ,traction_fault,Low,54,0.595,0,113,3,False,2026-10-05 04:00:00,2026-10-05 07:00:00,44
REQ-01745,AST-SNT-140,Signal & Telecom,GHY-NJP,signal_fault,High,38,0.518,1,28,3,False,2026-09-13 00:00:00,2026-09-13 04:00:00,34
REQ-01746,AST-TRD-117,Traction Distribution,JP-AII,traction_fault,Low,79,0.549,1,98,5,False,2026-09-10 04:00:00,2026-09-10 09:00:00,35
REQ-01747,AST-ENG-076,Engineering,ADI-BRC,track_defect,Low,54,0.263,1,34,3,False,2026-09-28 04:00:00,2026-09-28 06:00:00,42
REQ-01748,AST-TRD-095,Traction Distribution,LKO-CNB,traction_fault,Low,58,0.808,1,130,7,False,2026-09-12 00:00:00,2026-09-12 02:00:00,40
REQ-01749,AST-ENG-122,Engineering,ALD-MGS,track_defect,Low,67,0.494,1,33,2,False,2026-09-17 22:00:00,2026-09-18 01:00:00,45
REQ-01750,AST-TRD-082,Traction Distribution,ADI-BRC,traction_fault,Low,34,0.394,1,118,1,False,2026-09-14 00:00:00,2026-09-14 02:00:00,42
REQ-01751,AST-SNT-092,Signal & Telecom,LKO-CNB,signal_fault,Low,60,0.605,1,31,5,False,2026-09-16 04:00:00,2026-09-16 09:00:00,40
REQ-01752,AST-TRD-155,Traction Distribution,TVC-QLN,traction_fault,Medium,16,0.6,1,126,3,False,2026-09-28 02:00:00,2026-09-28 07:00:00,35
REQ-01753,AST-SNT-126,Signal & Telecom,ALD-MGS,signal_fault,Low,76,0.426,1,29,4,False,2026-09-19 13:00:00,2026-09-19 18:00:00,45
REQ-01754,AST-TRD-024,Traction Distribution,CSMT-KYN,traction_fault,Low,12,0.528,1,107,5,False,2026-09-10 02:00:00,2026-09-10 04:00:00,48
REQ-01755,AST-SNT-127,Signal & Telecom,ALD-MGS,signal_fault,Medium,70,0.778,0,54,7,False,2026-10-06 11:00:00,2026-10-06 13:00:00,45
REQ-01756,AST-ENG-109,Engineering,JP-AII,track_defect,Low,63,0.658,1,35,6,False,2026-09-22 13:00:00,2026-09-22 15:00:00,35
REQ-01757,AST-ENG-028,Engineering,HWH-BWN,track_defect,Medium,1,0.581,1,52,5,False,2026-09-19 23:00:00,2026-09-20 04:00:00,46
REQ-01758,AST-ENG-025,Engineering,HWH-BWN,track_defect,Low,20,0.945,1,43,9,False,2026-09-10 15:00:00,2026-09-10 17:00:00,46
REQ-01759,AST-ENG-160,Engineering,BZA-VSKP,track_defect,Low,21,0.461,0,68,1,False,2026-10-02 04:00:00,2026-10-02 09:00:00,41
REQ-01760,AST-SNT-006,Signal & Telecom,NDLS-GZB,signal_fault,Medium,12,0.483,1,42,2,False,2026-09-19 23:00:00,2026-09-20 01:00:00,48
REQ-01761,AST-TRD-118,Traction Distribution,JP-AII,traction_fault,Medium,74,0.484,1,160,1,True,2026-09-24 02:00:00,2026-09-24 05:00:00,35
REQ-01762,AST-SNT-174,Signal & Telecom,NGP-BSL,signal_fault,Medium,53,0.545,1,33,4,False,2026-09-10 04:00:00,2026-09-10 07:00:00,38
REQ-01763,AST-ENG-085,Engineering,LKO-CNB,track_defect,Low,48,0.682,0,51,6,False,2026-10-02 15:00:00,2026-10-02 17:00:00,40
REQ-01764,AST-ENG-109,Engineering,JP-AII,track_defect,Low,73,0.635,1,26,6,False,2026-09-13 04:00:00,2026-09-13 06:00:00,35
REQ-01765,AST-ENG-159,Engineering,BZA-VSKP,track_defect,Low,14,0.396,0,38,4,False,2026-10-01 00:00:00,2026-10-01 02:00:00,41
REQ-01766,AST-TRD-105,Traction Distribution,BPL-ET,traction_fault,Low,8,0.514,1,150,3,False,2026-09-16 15:00:00,2026-09-16 18:00:00,41
REQ-01767,AST-ENG-123,Engineering,ALD-MGS,track_defect,Low,69,0.466,1,34,2,False,2026-09-07 11:00:00,2026-09-07 15:00:00,45
REQ-01768,AST-SNT-102,Signal & Telecom,BPL-ET,signal_fault,Low,16,0.511,0,55,3,False,2026-10-05 13:00:00,2026-10-05 18:00:00,41
REQ-01769,AST-SNT-092,Signal & Telecom,LKO-CNB,signal_fault,Low,28,0.588,1,44,5,False,2026-09-29 15:00:00,2026-09-29 19:00:00,40
REQ-01770,AST-SNT-101,Signal & Telecom,BPL-ET,signal_fault,Medium,35,0.47,1,41,3,False,2026-09-13 02:00:00,2026-09-13 04:00:00,41
REQ-01771,AST-TRD-045,Traction Distribution,SBC-JTJ,traction_fault,Low,1,0.436,1,92,2,False,2026-09-11 13:00:00,2026-09-11 16:00:00,38
REQ-01772,AST-TRD-119,Traction Distribution,JP-AII,traction_fault,Low,64,0.561,1,145,5,False,2026-09-24 11:00:00,2026-09-24 15:00:00,35
REQ-01773,AST-TRD-143,Traction Distribution,GHY-NJP,traction_fault,Low,57,0.658,1,94,8,False,2026-09-26 22:00:00,2026-09-27 00:00:00,34
REQ-01774,AST-TRD-057,Traction Distribution,MAS-AJJ,traction_fault,Medium,32,0.391,1,120,3,False,2026-09-19 04:00:00,2026-09-19 09:00:00,44
REQ-01775,AST-SNT-053,Signal & Telecom,MAS-AJJ,signal_fault,Low,64,0.528,1,56,4,False,2026-09-28 22:00:00,2026-09-29 01:00:00,44
REQ-01776,AST-TRD-021,Traction Distribution,CSMT-KYN,traction_fault,Medium,78,0.699,1,133,5,False,2026-09-27 13:00:00,2026-09-27 16:00:00,48
REQ-01777,AST-TRD-117,Traction Distribution,JP-AII,traction_fault,Low,47,0.536,1,116,5,False,2026-09-28 04:00:00,2026-09-28 09:00:00,35
REQ-01778,AST-TRD-069,Traction Distribution,PUNE-DD,traction_fault,High,14,0.352,0,108,2,False,2026-10-02 22:00:00,2026-10-03 03:00:00,38
REQ-01779,AST-ENG-111,Engineering,JP-AII,track_defect,Low,59,0.446,1,53,4,False,2026-09-14 02:00:00,2026-09-14 06:00:00,35
REQ-01780,AST-SNT-020,Signal & Telecom,CSMT-KYN,signal_fault,Medium,17,0.463,1,37,3,False,2026-09-28 22:00:00,2026-09-29 00:00:00,48
REQ-01781,AST-TRD-022,Traction Distribution,CSMT-KYN,traction_fault,Medium,35,0.416,1,156,2,False,2026-09-18 15:00:00,2026-09-18 19:00:00,48
REQ-01782,AST-ENG-148,Engineering,TVC-QLN,track_defect,Medium,0,0.769,1,45,5,False,2026-09-14 13:00:00,2026-09-14 15:00:00,35
REQ-01783,AST-SNT-043,Signal & Telecom,SBC-JTJ,signal_fault,Low,69,0.745,1,37,7,False,2026-09-19 02:00:00,2026-09-19 04:00:00,38
REQ-01784,AST-TRD-143,Traction Distribution,GHY-NJP,traction_fault,Medium,71,0.613,0,103,8,False,2026-10-05 13:00:00,2026-10-05 18:00:00,34
REQ-01785,AST-SNT-067,Signal & Telecom,PUNE-DD,signal_fault,Medium,31,0.292,1,55,0,False,2026-09-29 13:00:00,2026-09-29 17:00:00,38
REQ-01786,AST-SNT-174,Signal & Telecom,NGP-BSL,signal_fault,Medium,63,0.639,1,31,4,False,2026-09-08 04:00:00,2026-09-08 08:00:00,38
REQ-01787,AST-ENG-073,Engineering,ADI-BRC,track_defect,Low,13,0.841,1,51,6,False,2026-09-12 15:00:00,2026-09-12 20:00:00,42
REQ-01788,AST-TRD-033,Traction Distribution,HWH-BWN,traction_fault,Low,3,0.653,1,114,6,False,2026-09-15 00:00:00,2026-09-15 03:00:00,46
REQ-01789,AST-SNT-030,Signal & Telecom,HWH-BWN,signal_fault,Medium,10,0.362,1,25,1,False,2026-09-19 13:00:00,2026-09-19 15:00:00,46
REQ-01790,AST-ENG-121,Engineering,ALD-MGS,track_defect,Low,52,0.624,1,56,4,False,2026-09-18 11:00:00,2026-09-18 16:00:00,45
REQ-01791,AST-SNT-032,Signal & Telecom,HWH-BWN,signal_fault,Low,63,0.647,1,37,6,False,2026-09-21 15:00:00,2026-09-21 20:00:00,46
REQ-01792,AST-SNT-054,Signal & Telecom,MAS-AJJ,signal_fault,Low,17,0.467,1,29,2,False,2026-09-20 11:00:00,2026-09-20 15:00:00,44
REQ-01793,AST-ENG-014,Engineering,CSMT-KYN,track_defect,Medium,12,0.582,1,40,2,False,2026-09-16 22:00:00,2026-09-17 02:00:00,48
REQ-01794,AST-SNT-125,Signal & Telecom,ALD-MGS,signal_fault,Low,33,0.219,1,16,0,False,2026-09-09 02:00:00,2026-09-09 05:00:00,45
REQ-01795,AST-ENG-027,Engineering,HWH-BWN,track_defect,High,46,0.474,1,34,2,False,2026-09-25 00:00:00,2026-09-25 02:00:00,46
REQ-01796,AST-TRD-108,Traction Distribution,BPL-ET,traction_fault,High,2,0.691,0,142,5,False,2026-10-06 23:00:00,2026-10-07 01:00:00,41
REQ-01797,AST-SNT-080,Signal & Telecom,ADI-BRC,signal_fault,Low,2,0.782,1,68,5,False,2026-09-28 04:00:00,2026-09-28 09:00:00,42
REQ-01798,AST-TRD-132,Traction Distribution,ALD-MGS,traction_fault,High,23,0.715,1,161,7,False,2026-09-28 02:00:00,2026-09-28 07:00:00,45
REQ-01799,AST-TRD-045,Traction Distribution,SBC-JTJ,traction_fault,Low,31,0.41,0,117,2,False,2026-10-06 00:00:00,2026-10-06 05:00:00,38
REQ-01800,AST-SNT-140,Signal & Telecom,GHY-NJP,signal_fault,Medium,16,0.506,1,33,3,False,2026-09-18 11:00:00,2026-09-18 13:00:00,34
REQ-01801,AST-ENG-027,Engineering,HWH-BWN,track_defect,Low,4,0.408,1,37,2,False,2026-09-28 11:00:00,2026-09-28 14:00:00,46
REQ-01802,AST-SNT-162,Signal & Telecom,BZA-VSKP,signal_fault,Low,45,0.238,1,24,1,False,2026-09-11 15:00:00,2026-09-11 17:00:00,41
REQ-01803,AST-SNT-077,Signal & Telecom,ADI-BRC,signal_fault,Medium,32,0.382,1,24,2,False,2026-09-12 15:00:00,2026-09-12 17:00:00,42
REQ-01804,AST-ENG-124,Engineering,ALD-MGS,track_defect,High,61,0.444,1,39,2,False,2026-09-14 02:00:00,2026-09-14 06:00:00,45
REQ-01805,AST-ENG-051,Engineering,MAS-AJJ,track_defect,Medium,48,0.64,1,51,3,False,2026-09-15 11:00:00,2026-09-15 13:00:00,44
REQ-01806,AST-SNT-113,Signal & Telecom,JP-AII,signal_fault,Low,9,0.648,1,46,6,False,2026-09-19 11:00:00,2026-09-19 15:00:00,35
REQ-01807,AST-SNT-126,Signal & Telecom,ALD-MGS,signal_fault,Low,69,0.478,1,33,4,True,2026-09-23 00:00:00,2026-09-23 05:00:00,45
REQ-01808,AST-ENG-159,Engineering,BZA-VSKP,track_defect,Low,31,0.299,1,29,4,False,2026-09-22 00:00:00,2026-09-22 04:00:00,41
REQ-01809,AST-TRD-094,Traction Distribution,LKO-CNB,traction_fault,Low,30,0.241,1,114,0,False,2026-09-17 13:00:00,2026-09-17 17:00:00,40
REQ-01810,AST-ENG-063,Engineering,PUNE-DD,track_defect,Medium,39,0.338,0,65,2,False,2026-10-05 04:00:00,2026-10-05 09:00:00,38
REQ-01811,AST-TRD-023,Traction Distribution,CSMT-KYN,traction_fault,Low,22,0.731,1,136,6,False,2026-09-20 23:00:00,2026-09-21 02:00:00,48
REQ-01812,AST-TRD-105,Traction Distribution,BPL-ET,traction_fault,Low,68,0.484,0,169,3,False,2026-10-05 04:00:00,2026-10-05 09:00:00,41
REQ-01813,AST-TRD-096,Traction Distribution,LKO-CNB,traction_fault,Low,35,0.391,1,93,2,False,2026-09-07 04:00:00,2026-09-07 08:00:00,40
REQ-01814,AST-ENG-074,Engineering,ADI-BRC,track_defect,Medium,17,0.333,1,44,1,False,2026-09-18 13:00:00,2026-09-18 17:00:00,42
REQ-01815,AST-ENG-028,Engineering,HWH-BWN,track_defect,Medium,27,0.65,1,57,5,False,2026-09-24 13:00:00,2026-09-24 15:00:00,46
REQ-01816,AST-SNT-127,Signal & Telecom,ALD-MGS,signal_fault,Medium,64,0.733,0,51,7,False,2026-10-03 23:00:00,2026-10-04 02:00:00,45
REQ-01817,AST-ENG-136,Engineering,GHY-NJP,track_defect,Low,44,0.777,1,43,8,False,2026-09-20 00:00:00,2026-09-20 04:00:00,34
REQ-01818,AST-ENG-134,Engineering,GHY-NJP,track_defect,Low,53,0.47,1,47,2,False,2026-09-13 02:00:00,2026-09-13 05:00:00,34
REQ-01819,AST-SNT-029,Signal & Telecom,HWH-BWN,signal_fault,Medium,68,0.653,1,54,5,True,2026-09-19 22:00:00,2026-09-20 02:00:00,46
REQ-01820,AST-TRD-035,Traction Distribution,HWH-BWN,traction_fault,Medium,12,0.837,1,171,4,False,2026-09-28 11:00:00,2026-09-28 16:00:00,46
REQ-01821,AST-ENG-050,Engineering,MAS-AJJ,track_defect,Low,0,0.468,1,47,2,False,2026-09-10 22:00:00,2026-09-11 03:00:00,44
REQ-01822,AST-ENG-148,Engineering,TVC-QLN,track_defect,High,45,0.834,1,59,5,False,2026-09-28 04:00:00,2026-09-28 08:00:00,35
REQ-01823,AST-TRD-154,Traction Distribution,TVC-QLN,traction_fault,Low,20,0.568,0,149,4,False,2026-10-05 22:00:00,2026-10-06 03:00:00,35
REQ-01824,AST-ENG-015,Engineering,CSMT-KYN,track_defect,Low,67,0.581,0,44,5,False,2026-10-02 00:00:00,2026-10-02 03:00:00,48
REQ-01825,AST-TRD-105,Traction Distribution,BPL-ET,traction_fault,Low,9,0.54,1,141,3,False,2026-09-07 11:00:00,2026-09-07 13:00:00,41
REQ-01826,AST-ENG-062,Engineering,PUNE-DD,track_defect,Low,24,0.324,1,51,0,False,2026-09-20 00:00:00,2026-09-20 05:00:00,38
REQ-01827,AST-ENG-051,Engineering,MAS-AJJ,track_defect,Medium,11,0.591,1,58,3,False,2026-09-22 02:00:00,2026-09-22 07:00:00,44
REQ-01828,AST-SNT-030,Signal & Telecom,HWH-BWN,signal_fault,Low,9,0.298,1,36,1,False,2026-09-30 04:00:00,2026-09-30 07:00:00,46
REQ-01829,AST-ENG-016,Engineering,CSMT-KYN,track_defect,Low,20,0.882,0,63,5,False,2026-10-04 13:00:00,2026-10-04 16:00:00,48
REQ-01830,AST-TRD-084,Traction Distribution,ADI-BRC,traction_fault,Low,35,0.929,1,149,6,False,2026-09-13 23:00:00,2026-09-14 01:00:00,42
REQ-01831,AST-ENG-097,Engineering,BPL-ET,track_defect,High,71,0.342,1,43,2,False,2026-09-26 04:00:00,2026-09-26 07:00:00,41
REQ-01832,AST-SNT-114,Signal & Telecom,JP-AII,signal_fault,Medium,42,0.49,1,40,4,False,2026-09-27 04:00:00,2026-09-27 07:00:00,35
REQ-01833,AST-ENG-074,Engineering,ADI-BRC,track_defect,Low,15,0.383,1,34,1,False,2026-09-08 13:00:00,2026-09-08 16:00:00,42
REQ-01834,AST-ENG-076,Engineering,ADI-BRC,track_defect,Low,68,0.339,1,13,3,False,2026-09-07 11:00:00,2026-09-07 13:00:00,42
REQ-01835,AST-TRD-081,Traction Distribution,ADI-BRC,traction_fault,Low,67,0.555,1,153,2,False,2026-09-20 13:00:00,2026-09-20 16:00:00,42
REQ-01836,AST-SNT-080,Signal & Telecom,ADI-BRC,signal_fault,Low,10,0.796,1,62,5,False,2026-09-22 00:00:00,2026-09-22 05:00:00,42
REQ-01837,AST-SNT-056,Signal & Telecom,MAS-AJJ,signal_fault,Low,60,0.589,1,50,4,True,2026-09-10 13:00:00,2026-09-10 17:00:00,44
REQ-01838,AST-ENG-063,Engineering,PUNE-DD,track_defect,Low,56,0.335,1,59,2,False,2026-09-29 22:00:00,2026-09-30 01:00:00,38
REQ-01839,AST-ENG-004,Engineering,NDLS-GZB,track_defect,Low,57,0.625,1,50,5,False,2026-09-12 00:00:00,2026-09-12 02:00:00,48
REQ-01840,AST-TRD-144,Traction Distribution,GHY-NJP,traction_fault,Low,10,0.349,1,128,2,False,2026-09-17 11:00:00,2026-09-17 15:00:00,34
REQ-01841,AST-ENG-171,Engineering,NGP-BSL,track_defect,Low,78,0.592,1,61,3,False,2026-09-26 02:00:00,2026-09-26 07:00:00,38
REQ-01842,AST-ENG-088,Engineering,LKO-CNB,track_defect,Low,11,0.329,1,26,2,False,2026-09-18 15:00:00,2026-09-18 19:00:00,40
REQ-01843,AST-ENG-123,Engineering,ALD-MGS,track_defect,Low,9,0.497,1,34,2,False,2026-09-07 04:00:00,2026-09-07 08:00:00,45
REQ-01844,AST-SNT-152,Signal & Telecom,TVC-QLN,signal_fault,Low,40,0.557,1,35,3,False,2026-09-18 15:00:00,2026-09-18 18:00:00,35
REQ-01845,AST-ENG-038,Engineering,SBC-JTJ,track_defect,Low,33,0.724,1,54,5,False,2026-09-25 22:00:00,2026-09-26 00:00:00,38
REQ-01846,AST-TRD-033,Traction Distribution,HWH-BWN,traction_fault,Low,53,0.646,1,126,6,False,2026-09-27 02:00:00,2026-09-27 04:00:00,46
REQ-01847,AST-SNT-175,Signal & Telecom,NGP-BSL,signal_fault,Low,11,0.418,0,58,3,True,2026-10-05 11:00:00,2026-10-05 14:00:00,38
REQ-01848,AST-SNT-176,Signal & Telecom,NGP-BSL,signal_fault,Low,33,0.686,1,40,5,True,2026-09-10 02:00:00,2026-09-10 06:00:00,38
REQ-01849,AST-SNT-091,Signal & Telecom,LKO-CNB,signal_fault,Low,43,0.347,0,46,4,False,2026-10-01 11:00:00,2026-10-01 14:00:00,40
REQ-01850,AST-SNT-041,Signal & Telecom,SBC-JTJ,signal_fault,Medium,63,0.459,1,36,3,True,2026-09-20 13:00:00,2026-09-20 17:00:00,38
REQ-01851,AST-ENG-085,Engineering,LKO-CNB,track_defect,High,18,0.685,1,46,6,False,2026-09-27 02:00:00,2026-09-27 07:00:00,40
REQ-01852,AST-SNT-079,Signal & Telecom,ADI-BRC,signal_fault,Low,33,0.361,1,44,2,True,2026-09-23 00:00:00,2026-09-23 03:00:00,42
REQ-01853,AST-ENG-133,Engineering,GHY-NJP,track_defect,Low,75,0.785,1,49,6,False,2026-09-11 13:00:00,2026-09-11 15:00:00,34
REQ-01854,AST-SNT-008,Signal & Telecom,NDLS-GZB,signal_fault,High,64,0.427,0,59,1,False,2026-10-02 11:00:00,2026-10-02 16:00:00,48
REQ-01855,AST-ENG-099,Engineering,BPL-ET,track_defect,Low,4,0.542,0,46,5,False,2026-10-04 02:00:00,2026-10-04 05:00:00,41
REQ-01856,AST-SNT-101,Signal & Telecom,BPL-ET,signal_fault,Low,53,0.507,1,47,3,True,2026-09-19 22:00:00,2026-09-20 03:00:00,41
REQ-01857,AST-ENG-038,Engineering,SBC-JTJ,track_defect,Low,39,0.692,1,41,5,False,2026-09-12 00:00:00,2026-09-12 03:00:00,38
REQ-01858,AST-TRD-118,Traction Distribution,JP-AII,traction_fault,Medium,49,0.437,1,165,1,False,2026-09-29 00:00:00,2026-09-29 05:00:00,35
REQ-01859,AST-SNT-139,Signal & Telecom,GHY-NJP,signal_fault,Low,38,0.62,1,34,4,False,2026-09-23 13:00:00,2026-09-23 17:00:00,34
REQ-01860,AST-TRD-059,Traction Distribution,MAS-AJJ,traction_fault,Low,67,0.59,1,107,3,False,2026-09-29 13:00:00,2026-09-29 15:00:00,44
REQ-01861,AST-ENG-003,Engineering,NDLS-GZB,track_defect,Low,33,0.252,1,32,1,False,2026-09-24 11:00:00,2026-09-24 15:00:00,48
REQ-01862,AST-TRD-034,Traction Distribution,HWH-BWN,traction_fault,Low,31,0.441,0,114,3,False,2026-10-05 13:00:00,2026-10-05 16:00:00,46
REQ-01863,AST-ENG-147,Engineering,TVC-QLN,track_defect,Medium,1,0.446,1,45,1,False,2026-09-08 11:00:00,2026-09-08 14:00:00,35
REQ-01864,AST-SNT-005,Signal & Telecom,NDLS-GZB,signal_fault,Medium,20,0.491,1,67,3,False,2026-09-27 15:00:00,2026-09-27 19:00:00,48
REQ-01865,AST-SNT-138,Signal & Telecom,GHY-NJP,signal_fault,Medium,29,0.389,0,56,3,False,2026-10-05 13:00:00,2026-10-05 16:00:00,34
REQ-01866,AST-SNT-116,Signal & Telecom,JP-AII,signal_fault,Medium,12,0.462,1,30,3,False,2026-09-16 15:00:00,2026-09-16 17:00:00,35
REQ-01867,AST-TRD-009,Traction Distribution,NDLS-GZB,traction_fault,Low,39,0.383,0,144,2,False,2026-10-03 15:00:00,2026-10-03 18:00:00,48
REQ-01868,AST-TRD-058,Traction Distribution,MAS-AJJ,traction_fault,Low,44,0.633,1,87,6,False,2026-09-12 13:00:00,2026-09-12 15:00:00,44
REQ-01869,AST-ENG-160,Engineering,BZA-VSKP,track_defect,Low,9,0.475,0,67,1,False,2026-10-01 02:00:00,2026-10-01 07:00:00,41
REQ-01870,AST-TRD-057,Traction Distribution,MAS-AJJ,traction_fault,Low,81,0.367,0,135,3,True,2026-10-04 11:00:00,2026-10-04 16:00:00,44
REQ-01871,AST-SNT-054,Signal & Telecom,MAS-AJJ,signal_fault,Medium,63,0.448,1,22,2,False,2026-09-13 22:00:00,2026-09-14 01:00:00,44
REQ-01872,AST-SNT-139,Signal & Telecom,GHY-NJP,signal_fault,Low,22,0.55,1,41,4,True,2026-09-30 22:00:00,2026-10-01 02:00:00,34
REQ-01873,AST-TRD-095,Traction Distribution,LKO-CNB,traction_fault,Medium,32,0.756,1,127,7,False,2026-09-09 23:00:00,2026-09-10 02:00:00,40
REQ-01874,AST-ENG-157,Engineering,BZA-VSKP,track_defect,Medium,31,0.497,0,54,2,False,2026-10-04 04:00:00,2026-10-04 07:00:00,41
REQ-01875,AST-TRD-143,Traction Distribution,GHY-NJP,traction_fault,Low,44,0.634,1,80,8,False,2026-09-12 13:00:00,2026-09-12 15:00:00,34
REQ-01876,AST-ENG-169,Engineering,NGP-BSL,track_defect,High,38,0.461,1,18,5,False,2026-09-12 22:00:00,2026-09-13 01:00:00,38
REQ-01877,AST-SNT-017,Signal & Telecom,CSMT-KYN,signal_fault,Low,23,0.332,1,43,0,True,2026-09-20 11:00:00,2026-09-20 16:00:00,48
REQ-01878,AST-TRD-082,Traction Distribution,ADI-BRC,traction_fault,Medium,10,0.43,1,114,1,False,2026-09-10 04:00:00,2026-09-10 06:00:00,42
REQ-01879,AST-SNT-077,Signal & Telecom,ADI-BRC,signal_fault,High,23,0.431,1,31,2,True,2026-09-19 00:00:00,2026-09-19 02:00:00,42
REQ-01880,AST-TRD-153,Traction Distribution,TVC-QLN,traction_fault,Low,17,0.433,0,126,4,False,2026-10-03 00:00:00,2026-10-03 03:00:00,35
REQ-01881,AST-TRD-022,Traction Distribution,CSMT-KYN,traction_fault,Low,50,0.48,1,153,2,False,2026-09-15 04:00:00,2026-09-15 06:00:00,48
REQ-01882,AST-SNT-005,Signal & Telecom,NDLS-GZB,signal_fault,Low,59,0.544,0,72,3,False,2026-10-02 02:00:00,2026-10-02 06:00:00,48
REQ-01883,AST-TRD-022,Traction Distribution,CSMT-KYN,traction_fault,Low,73,0.477,1,151,2,True,2026-09-13 04:00:00,2026-09-13 09:00:00,48
REQ-01884,AST-SNT-174,Signal & Telecom,NGP-BSL,signal_fault,Low,32,0.577,1,44,4,False,2026-09-21 04:00:00,2026-09-21 08:00:00,38
REQ-01885,AST-TRD-034,Traction Distribution,HWH-BWN,traction_fault,Medium,29,0.477,1,93,3,False,2026-09-14 00:00:00,2026-09-14 04:00:00,46
REQ-01886,AST-ENG-016,Engineering,CSMT-KYN,track_defect,Low,38,0.869,1,36,5,False,2026-09-07 00:00:00,2026-09-07 02:00:00,48
REQ-01887,AST-SNT-019,Signal & Telecom,CSMT-KYN,signal_fault,Low,1,0.63,1,46,6,True,2026-09-23 22:00:00,2026-09-24 01:00:00,48
REQ-01888,AST-ENG-039,Engineering,SBC-JTJ,track_defect,Low,47,0.197,1,18,0,False,2026-09-07 11:00:00,2026-09-07 16:00:00,38
REQ-01889,AST-SNT-067,Signal & Telecom,PUNE-DD,signal_fault,Low,26,0.323,1,53,0,False,2026-09-27 13:00:00,2026-09-27 16:00:00,38
REQ-01890,AST-SNT-128,Signal & Telecom,ALD-MGS,signal_fault,Low,9,0.333,1,34,1,False,2026-09-19 02:00:00,2026-09-19 07:00:00,45
REQ-01891,AST-SNT-020,Signal & Telecom,CSMT-KYN,signal_fault,Low,44,0.466,1,23,3,False,2026-09-14 02:00:00,2026-09-14 06:00:00,48
REQ-01892,AST-TRD-120,Traction Distribution,JP-AII,traction_fault,Low,15,0.693,1,142,5,False,2026-09-17 02:00:00,2026-09-17 06:00:00,35
REQ-01893,AST-ENG-171,Engineering,NGP-BSL,track_defect,Medium,17,0.592,1,44,3,False,2026-09-09 00:00:00,2026-09-09 03:00:00,38
REQ-01894,AST-SNT-102,Signal & Telecom,BPL-ET,signal_fault,Low,19,0.512,1,37,3,False,2026-09-17 04:00:00,2026-09-17 09:00:00,41
REQ-01895,AST-TRD-131,Traction Distribution,ALD-MGS,traction_fault,Low,36,0.486,1,109,4,False,2026-09-28 13:00:00,2026-09-28 17:00:00,45
REQ-01896,AST-SNT-019,Signal & Telecom,CSMT-KYN,signal_fault,Medium,50,0.723,1,38,6,False,2026-09-15 23:00:00,2026-09-16 03:00:00,48
REQ-01897,AST-SNT-152,Signal & Telecom,TVC-QLN,signal_fault,Medium,33,0.578,0,53,3,True,2026-10-06 02:00:00,2026-10-06 04:00:00,35
REQ-01898,AST-ENG-026,Engineering,HWH-BWN,track_defect,Medium,12,0.361,0,45,4,False,2026-10-01 04:00:00,2026-10-01 08:00:00,46
REQ-01899,AST-SNT-089,Signal & Telecom,LKO-CNB,signal_fault,Medium,16,0.259,1,52,1,True,2026-09-30 23:00:00,2026-10-01 01:00:00,40
REQ-01900,AST-SNT-080,Signal & Telecom,ADI-BRC,signal_fault,Low,19,0.741,1,70,5,True,2026-09-30 13:00:00,2026-09-30 16:00:00,42
REQ-01901,AST-ENG-025,Engineering,HWH-BWN,track_defect,High,13,0.906,1,45,9,False,2026-09-12 22:00:00,2026-09-13 02:00:00,46
REQ-01902,AST-SNT-080,Signal & Telecom,ADI-BRC,signal_fault,Medium,8,0.746,1,62,5,False,2026-09-22 22:00:00,2026-09-23 02:00:00,42
REQ-01903,AST-TRD-130,Traction Distribution,ALD-MGS,traction_fault,Medium,3,0.702,0,168,5,False,2026-10-06 11:00:00,2026-10-06 16:00:00,45
REQ-01904,AST-ENG-088,Engineering,LKO-CNB,track_defect,Low,31,0.356,1,32,2,False,2026-09-24 23:00:00,2026-09-25 02:00:00,40
REQ-01905,AST-ENG-110,Engineering,JP-AII,track_defect,Low,69,0.29,1,51,0,False,2026-09-29 22:00:00,2026-09-30 01:00:00,35
REQ-01906,AST-ENG-040,Engineering,SBC-JTJ,track_defect,Low,68,0.466,1,58,1,False,2026-09-18 00:00:00,2026-09-18 03:00:00,38
REQ-01907,AST-SNT-006,Signal & Telecom,NDLS-GZB,signal_fault,Medium,27,0.523,1,41,2,False,2026-09-18 23:00:00,2026-09-19 02:00:00,48
REQ-01908,AST-TRD-012,Traction Distribution,NDLS-GZB,traction_fault,Low,63,0.951,0,181,6,False,2026-10-06 15:00:00,2026-10-06 19:00:00,48
REQ-01909,AST-TRD-168,Traction Distribution,BZA-VSKP,traction_fault,Low,39,0.778,0,144,4,False,2026-10-01 04:00:00,2026-10-01 08:00:00,41
REQ-01910,AST-TRD-166,Traction Distribution,BZA-VSKP,traction_fault,Medium,21,0.613,0,138,6,False,2026-10-04 22:00:00,2026-10-05 01:00:00,41
REQ-01911,AST-TRD-047,Traction Distribution,SBC-JTJ,traction_fault,Low,44,0.728,1,102,4,False,2026-09-08 04:00:00,2026-09-08 06:00:00,38
REQ-01912,AST-TRD-142,Traction Distribution,GHY-NJP,traction_fault,Low,47,0.361,1,103,3,False,2026-09-11 22:00:00,2026-09-12 00:00:00,34
REQ-01913,AST-SNT-080,Signal & Telecom,ADI-BRC,signal_fault,High,12,0.798,1,58,5,False,2026-09-18 00:00:00,2026-09-18 02:00:00,42
REQ-01914,AST-SNT-017,Signal & Telecom,CSMT-KYN,signal_fault,High,49,0.256,1,45,0,False,2026-09-22 04:00:00,2026-09-22 06:00:00,48
REQ-01915,AST-TRD-034,Traction Distribution,HWH-BWN,traction_fault,Low,32,0.415,1,88,3,False,2026-09-09 11:00:00,2026-09-09 13:00:00,46
REQ-01916,AST-TRD-166,Traction Distribution,BZA-VSKP,traction_fault,Low,10,0.669,0,137,6,False,2026-10-03 22:00:00,2026-10-04 01:00:00,41
REQ-01917,AST-SNT-091,Signal & Telecom,LKO-CNB,signal_fault,Low,67,0.39,1,45,4,True,2026-09-30 04:00:00,2026-09-30 08:00:00,40
REQ-01918,AST-SNT-139,Signal & Telecom,GHY-NJP,signal_fault,Medium,69,0.564,1,28,4,True,2026-09-17 23:00:00,2026-09-18 01:00:00,34
REQ-01919,AST-SNT-030,Signal & Telecom,HWH-BWN,signal_fault,Low,39,0.32,1,14,1,False,2026-09-08 00:00:00,2026-09-08 03:00:00,46
REQ-01920,AST-SNT-005,Signal & Telecom,NDLS-GZB,signal_fault,Medium,41,0.514,1,59,3,False,2026-09-19 22:00:00,2026-09-20 03:00:00,48
REQ-01921,AST-TRD-166,Traction Distribution,BZA-VSKP,traction_fault,Low,33,0.634,1,119,6,False,2026-09-15 13:00:00,2026-09-15 16:00:00,41
REQ-01922,AST-TRD-035,Traction Distribution,HWH-BWN,traction_fault,High,20,0.839,1,158,4,False,2026-09-15 02:00:00,2026-09-15 07:00:00,46
REQ-01923,AST-SNT-029,Signal & Telecom,HWH-BWN,signal_fault,Low,42,0.625,1,65,5,False,2026-09-30 11:00:00,2026-09-30 16:00:00,46
REQ-01924,AST-ENG-039,Engineering,SBC-JTJ,track_defect,Medium,48,0.24,1,30,0,False,2026-09-19 04:00:00,2026-09-19 06:00:00,38
REQ-01925,AST-SNT-090,Signal & Telecom,LKO-CNB,signal_fault,Low,12,0.651,1,55,5,True,2026-09-22 15:00:00,2026-09-22 20:00:00,40
REQ-01926,AST-TRD-035,Traction Distribution,HWH-BWN,traction_fault,Low,54,0.76,1,151,4,False,2026-09-08 15:00:00,2026-09-08 20:00:00,46
REQ-01927,AST-ENG-015,Engineering,CSMT-KYN,track_defect,Low,76,0.625,1,22,5,False,2026-09-10 02:00:00,2026-09-10 06:00:00,48
REQ-01928,AST-TRD-167,Traction Distribution,BZA-VSKP,traction_fault,Low,49,0.67,1,88,6,False,2026-09-17 00:00:00,2026-09-17 03:00:00,41
REQ-01929,AST-TRD-107,Traction Distribution,BPL-ET,traction_fault,Medium,31,0.417,1,80,2,False,2026-09-10 02:00:00,2026-09-10 05:00:00,41
REQ-01930,AST-TRD-153,Traction Distribution,TVC-QLN,traction_fault,Low,54,0.463,0,129,4,False,2026-10-06 13:00:00,2026-10-06 16:00:00,35
REQ-01931,AST-SNT-125,Signal & Telecom,ALD-MGS,signal_fault,Medium,83,0.152,0,43,0,True,2026-10-06 00:00:00,2026-10-06 03:00:00,45
REQ-01932,AST-SNT-113,Signal & Telecom,JP-AII,signal_fault,Low,45,0.56,1,52,6,True,2026-09-25 00:00:00,2026-09-25 05:00:00,35
REQ-01933,AST-ENG-061,Engineering,PUNE-DD,track_defect,Medium,73,0.527,1,25,4,True,2026-09-09 13:00:00,2026-09-09 15:00:00,38
REQ-01934,AST-TRD-153,Traction Distribution,TVC-QLN,traction_fault,Low,52,0.439,1,109,4,False,2026-09-16 22:00:00,2026-09-17 01:00:00,35
REQ-01935,AST-ENG-074,Engineering,ADI-BRC,track_defect,Low,28,0.36,1,56,1,False,2026-09-30 15:00:00,2026-09-30 18:00:00,42
REQ-01936,AST-SNT-019,Signal & Telecom,CSMT-KYN,signal_fault,High,9,0.68,1,40,6,False,2026-09-17 22:00:00,2026-09-18 00:00:00,48
REQ-01937,AST-SNT-150,Signal & Telecom,TVC-QLN,signal_fault,Low,33,0.686,1,42,7,True,2026-09-11 00:00:00,2026-09-11 05:00:00,35
REQ-01938,AST-SNT-164,Signal & Telecom,BZA-VSKP,signal_fault,Low,51,0.577,0,65,3,False,2026-10-04 00:00:00,2026-10-04 04:00:00,41
REQ-01939,AST-SNT-128,Signal & Telecom,ALD-MGS,signal_fault,Medium,32,0.411,1,36,1,True,2026-09-21 02:00:00,2026-09-21 04:00:00,45
REQ-01940,AST-ENG-039,Engineering,SBC-JTJ,track_defect,Low,40,0.235,0,46,0,False,2026-10-05 11:00:00,2026-10-05 14:00:00,38
REQ-01941,AST-SNT-031,Signal & Telecom,HWH-BWN,signal_fault,Medium,53,0.789,1,46,5,False,2026-09-23 15:00:00,2026-09-23 20:00:00,46
REQ-01942,AST-SNT-066,Signal & Telecom,PUNE-DD,signal_fault,Low,40,0.312,1,25,4,False,2026-09-16 15:00:00,2026-09-16 20:00:00,38
REQ-01943,AST-SNT-138,Signal & Telecom,GHY-NJP,signal_fault,Medium,1,0.369,0,52,3,False,2026-10-01 22:00:00,2026-10-02 01:00:00,34
REQ-01944,AST-SNT-116,Signal & Telecom,JP-AII,signal_fault,Low,48,0.456,1,40,3,False,2026-09-26 02:00:00,2026-09-26 05:00:00,35
REQ-01945,AST-SNT-092,Signal & Telecom,LKO-CNB,signal_fault,Low,51,0.604,1,25,5,False,2026-09-10 00:00:00,2026-09-10 03:00:00,40
REQ-01946,AST-TRD-060,Traction Distribution,MAS-AJJ,traction_fault,Medium,47,0.56,1,91,3,False,2026-09-24 02:00:00,2026-09-24 07:00:00,44
REQ-01947,AST-TRD-069,Traction Distribution,PUNE-DD,traction_fault,Medium,11,0.356,1,88,2,False,2026-09-12 13:00:00,2026-09-12 16:00:00,38
REQ-01948,AST-ENG-109,Engineering,JP-AII,track_defect,Low,33,0.586,1,31,6,False,2026-09-18 15:00:00,2026-09-18 17:00:00,35
REQ-01949,AST-SNT-138,Signal & Telecom,GHY-NJP,signal_fault,High,17,0.447,0,52,3,False,2026-10-01 23:00:00,2026-10-02 03:00:00,34
REQ-01950,AST-SNT-053,Signal & Telecom,MAS-AJJ,signal_fault,Low,54,0.568,0,59,4,False,2026-10-01 23:00:00,2026-10-02 02:00:00,44
REQ-01951,AST-SNT-113,Signal & Telecom,JP-AII,signal_fault,Medium,7,0.641,1,49,6,False,2026-09-22 00:00:00,2026-09-22 04:00:00,35
REQ-01952,AST-TRD-082,Traction Distribution,ADI-BRC,traction_fault,Low,60,0.407,1,124,1,False,2026-09-20 04:00:00,2026-09-20 09:00:00,42
REQ-01953,AST-SNT-163,Signal & Telecom,BZA-VSKP,signal_fault,Low,41,0.282,1,33,3,True,2026-09-26 15:00:00,2026-09-26 19:00:00,41
REQ-01954,AST-SNT-079,Signal & Telecom,ADI-BRC,signal_fault,Low,2,0.389,1,44,2,False,2026-09-23 23:00:00,2026-09-24 03:00:00,42
REQ-01955,AST-SNT-128,Signal & Telecom,ALD-MGS,signal_fault,Low,28,0.386,1,23,1,False,2026-09-08 00:00:00,2026-09-08 03:00:00,45
REQ-01956,AST-ENG-100,Engineering,BPL-ET,track_defect,Low,21,0.615,1,27,4,False,2026-09-07 04:00:00,2026-09-07 06:00:00,41
REQ-01957,AST-TRD-035,Traction Distribution,HWH-BWN,traction_fault,Medium,70,0.763,1,168,4,False,2026-09-25 22:00:00,2026-09-26 00:00:00,46
REQ-01958,AST-SNT-164,Signal & Telecom,BZA-VSKP,signal_fault,Medium,47,0.608,1,52,3,False,2026-09-21 02:00:00,2026-09-21 06:00:00,41
REQ-01959,AST-ENG-122,Engineering,ALD-MGS,track_defect,Medium,17,0.44,1,40,2,False,2026-09-24 23:00:00,2026-09-25 01:00:00,45
REQ-01960,AST-ENG-135,Engineering,GHY-NJP,track_defect,Medium,14,0.488,1,44,3,False,2026-09-10 22:00:00,2026-09-11 03:00:00,34
REQ-01961,AST-ENG-062,Engineering,PUNE-DD,track_defect,Medium,57,0.376,1,40,0,False,2026-09-09 15:00:00,2026-09-09 19:00:00,38
REQ-01962,AST-ENG-088,Engineering,LKO-CNB,track_defect,Low,31,0.346,1,21,2,False,2026-09-13 23:00:00,2026-09-14 01:00:00,40
REQ-01963,AST-SNT-007,Signal & Telecom,NDLS-GZB,signal_fault,Low,36,0.489,1,57,3,False,2026-09-24 04:00:00,2026-09-24 09:00:00,48
REQ-01964,AST-ENG-038,Engineering,SBC-JTJ,track_defect,Low,45,0.641,1,46,5,False,2026-09-17 00:00:00,2026-09-17 05:00:00,38
REQ-01965,AST-ENG-148,Engineering,TVC-QLN,track_defect,High,74,0.78,1,49,5,True,2026-09-18 22:00:00,2026-09-19 03:00:00,35
REQ-01966,AST-SNT-042,Signal & Telecom,SBC-JTJ,signal_fault,Low,53,0.527,0,67,3,True,2026-10-04 00:00:00,2026-10-04 05:00:00,38
REQ-01967,AST-TRD-129,Traction Distribution,ALD-MGS,traction_fault,High,43,0.581,1,91,5,False,2026-09-12 02:00:00,2026-09-12 05:00:00,45
REQ-01968,AST-TRD-082,Traction Distribution,ADI-BRC,traction_fault,Medium,55,0.457,1,113,1,False,2026-09-09 13:00:00,2026-09-09 18:00:00,42
REQ-01969,AST-SNT-102,Signal & Telecom,BPL-ET,signal_fault,Medium,1,0.58,1,33,3,False,2026-09-13 13:00:00,2026-09-13 16:00:00,41
REQ-01970,AST-SNT-018,Signal & Telecom,CSMT-KYN,signal_fault,Low,6,0.458,0,75,1,True,2026-10-05 22:00:00,2026-10-06 02:00:00,48
REQ-01971,AST-ENG-052,Engineering,MAS-AJJ,track_defect,Low,25,0.606,1,30,3,False,2026-09-12 11:00:00,2026-09-12 15:00:00,44
REQ-01972,AST-TRD-095,Traction Distribution,LKO-CNB,traction_fault,Low,43,0.745,1,140,7,False,2026-09-22 04:00:00,2026-09-22 09:00:00,40
REQ-01973,AST-ENG-133,Engineering,GHY-NJP,track_defect,Low,66,0.745,1,63,6,False,2026-09-25 22:00:00,2026-09-26 00:00:00,34
REQ-01974,AST-TRD-178,Traction Distribution,NGP-BSL,traction_fault,Medium,28,0.455,1,125,3,False,2026-09-26 11:00:00,2026-09-26 13:00:00,38
REQ-01975,AST-TRD-118,Traction Distribution,JP-AII,traction_fault,Low,69,0.453,1,162,1,False,2026-09-26 04:00:00,2026-09-26 08:00:00,35
REQ-01976,AST-TRD-165,Traction Distribution,BZA-VSKP,traction_fault,Low,37,0.592,1,176,3,False,2026-09-30 15:00:00,2026-09-30 17:00:00,41
REQ-01977,AST-SNT-090,Signal & Telecom,LKO-CNB,signal_fault,Low,1,0.654,0,69,5,False,2026-10-06 04:00:00,2026-10-06 09:00:00,40
REQ-01978,AST-TRD-024,Traction Distribution,CSMT-KYN,traction_fault,Low,61,0.531,0,129,5,False,2026-10-02 22:00:00,2026-10-03 02:00:00,48
REQ-01979,AST-ENG-001,Engineering,NDLS-GZB,track_defect,Low,51,0.307,1,44,1,False,2026-09-21 04:00:00,2026-09-21 09:00:00,48
REQ-01980,AST-SNT-114,Signal & Telecom,JP-AII,signal_fault,Medium,20,0.553,1,23,4,False,2026-09-10 00:00:00,2026-09-10 03:00:00,35
REQ-01981,AST-SNT-041,Signal & Telecom,SBC-JTJ,signal_fault,Low,57,0.392,1,36,3,True,2026-09-20 04:00:00,2026-09-20 09:00:00,38
REQ-01982,AST-SNT-042,Signal & Telecom,SBC-JTJ,signal_fault,High,1,0.581,1,46,3,False,2026-09-13 00:00:00,2026-09-13 04:00:00,38
REQ-01983,AST-TRD-010,Traction Distribution,NDLS-GZB,traction_fault,Low,76,0.626,1,87,5,False,2026-09-16 13:00:00,2026-09-16 15:00:00,48
REQ-01984,AST-SNT-126,Signal & Telecom,ALD-MGS,signal_fault,Low,11,0.424,1,31,4,False,2026-09-21 22:00:00,2026-09-22 03:00:00,45
REQ-01985,AST-TRD-166,Traction Distribution,BZA-VSKP,traction_fault,Low,17,0.603,1,128,6,False,2026-09-24 22:00:00,2026-09-25 02:00:00,41
REQ-01986,AST-TRD-036,Traction Distribution,HWH-BWN,traction_fault,Low,65,0.585,1,156,5,True,2026-09-21 22:00:00,2026-09-22 02:00:00,46
REQ-01987,AST-ENG-111,Engineering,JP-AII,track_defect,Low,58,0.463,1,51,4,False,2026-09-12 22:00:00,2026-09-13 03:00:00,35
REQ-01988,AST-TRD-131,Traction Distribution,ALD-MGS,traction_fault,Low,77,0.521,1,110,4,True,2026-09-29 22:00:00,2026-09-30 02:00:00,45
REQ-01989,AST-SNT-176,Signal & Telecom,NGP-BSL,signal_fault,Low,24,0.737,0,65,5,False,2026-10-05 02:00:00,2026-10-05 04:00:00,38
REQ-01990,AST-TRD-023,Traction Distribution,CSMT-KYN,traction_fault,Medium,36,0.733,1,125,6,False,2026-09-09 00:00:00,2026-09-09 05:00:00,48
REQ-01991,AST-SNT-140,Signal & Telecom,GHY-NJP,signal_fault,Medium,28,0.495,0,46,3,True,2026-10-01 02:00:00,2026-10-01 07:00:00,34
REQ-01992,AST-SNT-152,Signal & Telecom,TVC-QLN,signal_fault,Medium,38,0.513,1,25,3,False,2026-09-08 13:00:00,2026-09-08 18:00:00,35
REQ-01993,AST-SNT-150,Signal & Telecom,TVC-QLN,signal_fault,Low,4,0.658,1,52,7,False,2026-09-21 22:00:00,2026-09-22 00:00:00,35
REQ-01994,AST-ENG-087,Engineering,LKO-CNB,track_defect,Low,15,0.485,1,19,3,False,2026-09-10 15:00:00,2026-09-10 20:00:00,40
REQ-01995,AST-TRD-165,Traction Distribution,BZA-VSKP,traction_fault,High,15,0.671,1,173,3,False,2026-09-27 22:00:00,2026-09-28 00:00:00,41
REQ-01996,AST-TRD-155,Traction Distribution,TVC-QLN,traction_fault,Low,19,0.602,1,112,3,False,2026-09-14 13:00:00,2026-09-14 17:00:00,35
REQ-01997,AST-ENG-049,Engineering,MAS-AJJ,track_defect,Low,47,0.24,1,43,0,False,2026-09-16 22:00:00,2026-09-17 01:00:00,44
REQ-01998,AST-ENG-171,Engineering,NGP-BSL,track_defect,High,65,0.577,1,55,3,False,2026-09-20 00:00:00,2026-09-20 02:00:00,38
REQ-01999,AST-TRD-155,Traction Distribution,TVC-QLN,traction_fault,Medium,54,0.531,1,116,3,False,2026-09-18 15:00:00,2026-09-18 19:00:00,35
REQ-02000,AST-SNT-113,Signal & Telecom,JP-AII,signal_fault,Low,57,0.574,1,47,6,False,2026-09-20 11:00:00,2026-09-20 16:00:00,35
